exID,pairID,responseID,ground_truth,response3,response5
1,15,1,Nonmated,2,2
12,41,2,Nonmated,2,3
12,59,3,Nonmated,2,3
12,28,4,Mated,3,5
12,8,5,Mated,3,5
12,52,6,Mated,3,5
12,4,7,Mated,3,5
12,46,8,Mated,2,3
12,51,9,Nonmated,1,1
12,60,10,Mated,2,3
12,43,11,Nonmated,1,1
12,37,12,Nonmated,2,3
12,11,13,Nonmated,1,1
12,5,14,Nonmated,2,3
12,57,15,Nonmated,1,1
12,22,16,Mated,2,3
8,36,17,Mated,3,5
8,37,18,Nonmated,2,2
8,14,19,Mated,2,2
8,34,20,Mated,2,2
8,25,21,Nonmated,1,1
8,24,22,Mated,2,3
8,39,23,Nonmated,2,3
8,57,24,Nonmated,1,1
8,54,25,Mated,3,5
8,19,26,Nonmated,2,3
8,16,27,Mated,3,5
8,56,28,Mated,2,2
8,1,29,Nonmated,2,3
8,35,30,Nonmated,1,1
8,3,31,Nonmated,1,1
8,48,32,Mated,3,5
8,45,33,Nonmated,2,3
8,28,34,Mated,3,5
8,55,35,Nonmated,1,1
8,32,36,Mated,3,5
8,47,37,Nonmated,2,3
8,50,38,Mated,2,3
8,10,39,Mated,2,3
16,41,40,Nonmated,1,1
11,46,41,Mated,2,3
11,7,42,Nonmated,2,3
11,32,43,Mated,1,1
11,37,44,Nonmated,1,1
11,59,45,Nonmated,1,1
11,19,46,Nonmated,1,1
11,52,47,Mated,3,5
11,4,48,Mated,3,5
11,33,49,Nonmated,2,3
11,42,50,Mated,3,5
11,44,51,Mated,2,3
11,22,52,Mated,2,3
11,41,53,Nonmated,2,2
11,53,54,Nonmated,1,1
11,11,55,Nonmated,1,1
11,31,56,Nonmated,2,2
11,56,57,Mated,2,3
11,51,58,Nonmated,1,1
11,43,59,Nonmated,1,1
11,26,60,Mated,2,4
11,29,61,Nonmated,1,1
11,18,62,Mated,3,5
11,34,63,Mated,3,5
11,15,64,Nonmated,2,3
11,35,65,Nonmated,1,1
11,10,66,Mated,2,3
11,45,67,Nonmated,2,3
11,23,68,Nonmated,2,3
11,60,69,Mated,3,5
11,1,70,Nonmated,1,1
11,25,71,Nonmated,2,3
11,9,72,Nonmated,1,1
11,54,73,Mated,3,5
11,16,74,Mated,3,5
11,2,75,Mated,2,3
11,6,76,Mated,2,3
11,8,77,Mated,3,5
11,40,78,Mated,2,2
11,5,79,Nonmated,1,1
11,3,80,Nonmated,2,3
11,47,81,Nonmated,1,1
11,50,82,Mated,2,3
11,24,83,Mated,2,3
11,21,84,Nonmated,2,3
11,48,85,Mated,2,4
11,49,86,Nonmated,1,1
11,13,87,Nonmated,2,3
11,57,88,Nonmated,1,1
11,14,89,Mated,3,5
11,27,90,Nonmated,2,3
11,39,91,Nonmated,2,3
11,38,92,Mated,2,3
11,58,93,Mated,3,5
11,12,94,Mated,2,4
11,17,95,Nonmated,1,1
11,30,96,Mated,2,3
11,28,97,Mated,2,2
11,20,98,Mated,3,5
11,55,99,Nonmated,1,1
11,36,100,Mated,3,5
14,11,101,Nonmated,1,1
14,56,102,Mated,2,2
14,49,103,Nonmated,2,3
14,22,104,Mated,2,3
14,20,105,Mated,3,5
14,9,106,Nonmated,2,2
14,45,107,Nonmated,2,3
14,51,108,Nonmated,1,1
14,28,109,Mated,3,5
14,30,110,Mated,3,5
14,6,111,Mated,2,3
14,19,112,Nonmated,2,3
14,59,113,Nonmated,2,2
14,46,114,Mated,2,3
14,7,115,Nonmated,2,3
14,2,116,Mated,2,3
14,34,117,Mated,3,5
14,18,118,Mated,3,5
14,26,119,Mated,3,5
14,48,120,Mated,2,4
14,60,121,Mated,3,5
14,39,122,Nonmated,2,3
14,57,123,Nonmated,1,1
14,3,124,Nonmated,2,3
14,52,125,Mated,3,5
14,25,126,Nonmated,2,3
14,15,127,Nonmated,2,3
14,50,128,Mated,2,3
14,29,129,Nonmated,1,1
14,16,130,Mated,1,1
14,27,131,Nonmated,2,3
14,40,132,Mated,2,3
14,32,133,Mated,2,4
14,42,134,Mated,3,5
20,51,135,Nonmated,1,1
14,5,136,Nonmated,1,1
20,10,137,Mated,2,3
20,31,138,Nonmated,2,2
14,36,139,Mated,3,5
20,8,140,Mated,3,5
14,4,141,Mated,3,5
14,1,142,Nonmated,1,1
20,48,143,Mated,2,3
14,54,144,Mated,3,5
14,21,145,Nonmated,1,1
14,43,146,Nonmated,1,1
14,37,147,Nonmated,1,1
14,58,148,Mated,3,5
14,12,149,Mated,2,3
14,47,150,Nonmated,2,2
14,35,151,Nonmated,1,1
14,44,152,Mated,2,3
21,29,153,Nonmated,1,1
14,31,154,Nonmated,1,1
21,9,155,Nonmated,1,1
14,14,156,Mated,2,4
21,28,157,Mated,2,4
21,35,158,Nonmated,1,1
21,20,159,Mated,3,5
21,40,160,Mated,2,4
21,3,161,Nonmated,1,1
21,14,162,Mated,3,5
21,24,163,Mated,2,3
21,54,164,Mated,3,5
21,46,165,Mated,2,4
21,1,166,Nonmated,1,1
21,60,167,Mated,2,2
14,55,168,Nonmated,1,1
21,30,169,Mated,3,5
21,56,170,Mated,2,3
14,10,171,Mated,2,4
21,49,172,Nonmated,1,1
14,38,173,Mated,2,3
21,2,174,Mated,2,3
21,33,175,Nonmated,2,3
21,53,176,Nonmated,2,3
21,12,177,Mated,2,3
14,33,178,Nonmated,2,3
14,41,179,Nonmated,1,1
14,8,180,Mated,3,5
14,53,181,Nonmated,1,1
14,23,182,Nonmated,2,2
14,13,183,Nonmated,2,3
14,17,184,Nonmated,2,2
14,24,185,Mated,2,3
3,54,186,Mated,3,5
3,51,187,Nonmated,1,1
3,14,188,Mated,3,5
3,9,189,Nonmated,1,1
3,35,190,Nonmated,1,1
3,41,191,Nonmated,1,1
3,56,192,Mated,2,4
3,47,193,Nonmated,2,2
3,59,194,Nonmated,2,2
3,50,195,Mated,2,3
3,10,196,Mated,2,3
3,15,197,Nonmated,2,3
3,39,198,Nonmated,2,3
3,17,199,Nonmated,1,1
3,25,200,Nonmated,1,1
3,45,201,Nonmated,2,3
3,7,202,Nonmated,2,2
3,37,203,Nonmated,1,1
3,34,204,Mated,2,4
3,53,205,Nonmated,1,1
3,12,206,Mated,2,3
3,2,207,Mated,2,4
3,28,208,Mated,3,5
3,52,209,Mated,3,5
3,57,210,Nonmated,1,1
3,46,211,Mated,2,3
3,19,212,Nonmated,2,3
3,21,213,Nonmated,2,3
3,48,214,Mated,2,3
3,44,215,Mated,2,4
3,29,216,Nonmated,1,1
3,36,217,Mated,3,5
3,30,218,Mated,3,5
3,60,219,Mated,2,3
3,32,220,Mated,2,4
3,1,221,Nonmated,2,3
3,43,222,Nonmated,1,1
3,42,223,Mated,3,5
3,4,224,Mated,3,5
3,55,225,Nonmated,1,1
3,23,226,Nonmated,2,2
3,13,227,Nonmated,2,3
3,31,228,Nonmated,1,1
3,18,229,Mated,3,5
3,3,230,Nonmated,2,2
3,20,231,Mated,3,5
3,8,232,Mated,3,5
3,5,233,Nonmated,1,1
3,49,234,Nonmated,1,1
3,33,235,Nonmated,2,4
3,24,236,Mated,2,4
3,11,237,Nonmated,1,1
3,27,238,Nonmated,2,3
3,40,239,Mated,2,3
3,6,240,Mated,2,4
3,22,241,Mated,2,3
3,16,242,Mated,3,5
3,38,243,Mated,2,3
3,58,244,Mated,3,5
3,26,245,Mated,2,3
23,10,246,Mated,2,3
23,7,247,Nonmated,2,3
23,43,248,Nonmated,1,1
23,57,249,Nonmated,1,1
23,58,250,Mated,3,5
23,1,251,Nonmated,2,3
23,20,252,Mated,3,5
23,23,253,Nonmated,2,3
23,28,254,Mated,3,5
23,59,255,Nonmated,1,1
23,46,256,Mated,3,5
23,9,257,Nonmated,2,3
23,34,258,Mated,3,5
23,17,259,Nonmated,1,1
23,31,260,Nonmated,2,2
23,32,261,Mated,3,5
23,8,262,Mated,3,5
23,30,263,Mated,3,5
23,4,264,Mated,3,5
23,22,265,Mated,2,3
23,60,266,Mated,2,3
23,56,267,Mated,2,2
23,19,268,Nonmated,2,2
23,26,269,Mated,3,5
23,6,270,Mated,2,3
23,40,271,Mated,3,5
23,38,272,Mated,2,3
23,45,273,Nonmated,2,3
23,33,274,Nonmated,2,3
23,37,275,Nonmated,2,3
23,2,276,Mated,2,3
23,14,277,Mated,2,3
23,27,278,Nonmated,2,3
23,16,279,Mated,3,5
23,13,280,Nonmated,2,3
23,12,281,Mated,2,2
23,44,282,Mated,2,3
23,52,283,Mated,3,5
23,42,284,Mated,3,5
23,49,285,Nonmated,2,3
23,47,286,Nonmated,2,3
23,48,287,Mated,2,4
23,54,288,Mated,3,5
23,50,289,Mated,2,3
23,55,290,Nonmated,1,1
23,35,291,Nonmated,1,1
23,18,292,Mated,3,5
23,3,293,Nonmated,2,2
23,15,294,Nonmated,2,3
23,29,295,Nonmated,1,1
23,51,296,Nonmated,1,1
23,11,297,Nonmated,1,1
23,21,298,Nonmated,2,2
23,41,299,Nonmated,2,3
23,53,300,Nonmated,2,2
23,36,301,Mated,3,5
23,39,302,Nonmated,2,3
23,5,303,Nonmated,1,1
23,24,304,Mated,2,3
23,25,305,Nonmated,1,1
12,12,306,Mated,2,3
12,16,307,Mated,3,5
12,9,308,Nonmated,2,3
12,44,309,Mated,2,3
12,20,310,Mated,3,5
12,48,311,Mated,2,3
12,50,312,Mated,2,3
12,1,313,Nonmated,2,3
12,42,314,Mated,3,5
12,53,315,Nonmated,1,1
12,18,316,Mated,3,5
12,23,317,Nonmated,2,3
12,26,318,Mated,2,3
12,27,319,Nonmated,2,3
12,36,320,Mated,3,5
12,13,321,Nonmated,2,3
12,35,322,Nonmated,1,1
12,34,323,Mated,2,3
12,3,324,Nonmated,2,3
12,7,325,Nonmated,2,3
12,56,326,Mated,2,3
12,40,327,Mated,2,3
12,47,328,Nonmated,2,3
16,53,329,Nonmated,2,2
16,54,330,Mated,3,5
16,21,331,Nonmated,1,1
16,42,332,Mated,3,5
12,38,333,Mated,2,3
16,52,334,Mated,3,5
12,25,335,Nonmated,2,3
16,39,336,Nonmated,2,3
12,24,337,Mated,2,3
12,55,338,Nonmated,1,1
16,46,339,Mated,2,4
16,9,340,Nonmated,2,3
16,60,341,Mated,3,5
16,45,342,Nonmated,2,3
16,31,343,Nonmated,2,3
16,16,344,Mated,3,5
16,48,345,Mated,2,4
16,34,346,Mated,3,5
16,50,347,Mated,2,3
16,55,348,Nonmated,1,1
16,43,349,Nonmated,1,1
16,29,350,Nonmated,1,1
16,12,351,Mated,2,3
16,28,352,Mated,3,5
16,33,353,Nonmated,2,3
27,38,354,Mated,2,2
27,41,355,Nonmated,2,2
27,18,356,Mated,3,5
27,16,357,Mated,3,5
27,29,358,Nonmated,1,1
27,34,359,Mated,2,3
27,11,360,Nonmated,1,1
27,28,361,Mated,2,4
27,40,362,Mated,2,4
27,50,363,Mated,2,3
27,12,364,Mated,3,5
27,22,365,Mated,2,3
20,34,366,Mated,3,5
27,46,367,Mated,3,5
20,27,368,Nonmated,2,3
27,30,369,Mated,3,5
20,52,370,Mated,3,5
27,6,371,Mated,2,3
20,9,372,Nonmated,2,3
27,32,373,Mated,3,5
20,37,374,Nonmated,2,3
2,1,375,Nonmated,2,4
1,41,376,Nonmated,1,1
1,10,377,Mated,1,1
1,48,378,Mated,2,3
1,28,379,Mated,2,3
20,13,380,Nonmated,2,3
20,17,381,Nonmated,2,3
20,6,382,Mated,2,3
20,49,383,Nonmated,2,3
19,7,384,Nonmated,1,1
19,52,385,Mated,3,5
19,40,386,Mated,2,4
18,48,387,Mated,2,4
18,7,388,Nonmated,1,1
18,27,389,Nonmated,1,1
18,33,390,Nonmated,2,3
12,32,391,Mated,3,5
12,15,392,Nonmated,2,3
12,49,393,Nonmated,2,3
12,58,394,Mated,3,5
12,54,395,Mated,3,5
12,29,396,Nonmated,1,1
12,17,397,Nonmated,2,3
12,6,398,Mated,2,3
12,31,399,Nonmated,2,3
12,21,400,Nonmated,2,3
12,14,401,Mated,3,5
12,45,402,Nonmated,2,3
12,10,403,Mated,2,3
12,19,404,Nonmated,2,3
12,2,405,Mated,2,3
12,33,406,Nonmated,2,3
12,39,407,Nonmated,2,3
12,30,408,Mated,3,5
30,17,409,Nonmated,2,3
30,7,410,Nonmated,2,3
30,26,411,Mated,2,3
30,60,412,Mated,2,4
19,31,413,Nonmated,1,1
19,30,414,Mated,3,5
19,50,415,Mated,2,3
19,43,416,Nonmated,1,1
19,45,417,Nonmated,2,3
30,1,418,Nonmated,1,1
30,44,419,Mated,2,3
30,23,420,Nonmated,2,4
30,3,421,Nonmated,1,1
30,52,422,Mated,2,3
30,12,423,Mated,1,1
30,55,424,Nonmated,1,1
30,37,425,Nonmated,2,2
30,39,426,Nonmated,2,3
30,14,427,Mated,1,1
30,25,428,Nonmated,2,2
30,32,429,Mated,1,1
30,58,430,Mated,1,1
30,34,431,Mated,1,1
30,11,432,Nonmated,1,1
30,4,433,Mated,1,1
30,53,434,Nonmated,1,1
30,2,435,Mated,1,1
30,21,436,Nonmated,1,1
30,43,437,Nonmated,1,1
30,5,438,Nonmated,1,1
26,11,439,Nonmated,1,1
26,44,440,Mated,2,3
26,35,441,Nonmated,1,1
26,42,442,Mated,3,5
26,25,443,Nonmated,2,3
26,20,444,Mated,3,5
26,31,445,Nonmated,2,3
26,48,446,Mated,2,3
26,58,447,Mated,3,5
26,2,448,Mated,2,3
26,51,449,Nonmated,2,2
26,3,450,Nonmated,2,2
26,52,451,Mated,2,3
26,56,452,Mated,2,3
26,59,453,Nonmated,2,3
26,49,454,Nonmated,2,3
26,40,455,Mated,2,4
26,45,456,Nonmated,2,3
30,13,457,Nonmated,2,3
30,38,458,Mated,1,1
26,6,459,Mated,2,3
26,53,460,Nonmated,2,3
26,55,461,Nonmated,1,1
30,18,462,Mated,3,5
26,23,463,Nonmated,2,3
30,54,464,Mated,2,3
26,21,465,Nonmated,2,3
26,24,466,Mated,2,3
26,22,467,Mated,2,3
30,35,468,Nonmated,1,1
26,29,469,Nonmated,2,2
26,36,470,Mated,3,5
26,9,471,Nonmated,2,3
26,43,472,Nonmated,1,1
30,29,473,Nonmated,1,1
26,30,474,Mated,3,5
30,59,475,Nonmated,1,1
26,46,476,Mated,2,4
26,60,477,Mated,2,3
26,7,478,Nonmated,2,2
30,49,479,Nonmated,1,1
26,4,480,Mated,3,5
26,54,481,Mated,3,5
30,16,482,Mated,1,1
26,41,483,Nonmated,2,3
30,56,484,Mated,2,3
26,8,485,Mated,3,5
30,45,486,Nonmated,1,1
26,12,487,Mated,2,3
26,26,488,Mated,2,3
30,10,489,Mated,1,1
26,32,490,Mated,2,3
26,16,491,Mated,2,3
26,15,492,Nonmated,2,3
26,18,493,Mated,3,5
26,13,494,Nonmated,2,3
26,33,495,Nonmated,2,3
26,19,496,Nonmated,2,3
26,39,497,Nonmated,2,3
30,42,498,Mated,1,1
26,38,499,Mated,2,3
26,37,500,Nonmated,2,3
30,28,501,Mated,2,3
26,1,502,Nonmated,1,1
30,51,503,Nonmated,1,1
30,19,504,Nonmated,2,3
30,27,505,Nonmated,2,3
26,10,506,Mated,2,3
26,27,507,Nonmated,2,3
26,28,508,Mated,3,5
30,8,509,Mated,2,2
26,47,510,Nonmated,1,1
30,57,511,Nonmated,1,1
26,5,512,Nonmated,2,3
30,41,513,Nonmated,2,3
26,14,514,Mated,2,4
19,58,515,Mated,3,5
26,57,516,Nonmated,1,1
26,17,517,Nonmated,2,2
19,9,518,Nonmated,2,3
26,34,519,Mated,3,5
26,50,520,Mated,2,4
19,59,521,Nonmated,1,1
19,47,522,Nonmated,2,3
19,49,523,Nonmated,1,1
30,47,524,Nonmated,2,3
30,50,525,Mated,2,3
19,21,526,Nonmated,1,1
30,20,527,Mated,3,5
30,40,528,Mated,2,4
30,15,529,Nonmated,2,3
30,6,530,Mated,2,3
30,46,531,Mated,1,1
30,9,532,Nonmated,1,1
30,33,533,Nonmated,2,3
30,31,534,Nonmated,2,3
30,22,535,Mated,2,3
30,24,536,Mated,2,3
30,48,537,Mated,1,1
30,30,538,Mated,3,5
31,47,539,Nonmated,2,3
31,12,540,Mated,2,4
31,34,541,Mated,2,3
31,5,542,Nonmated,2,3
31,51,543,Nonmated,1,1
31,2,544,Mated,2,3
31,13,545,Nonmated,2,3
31,50,546,Mated,2,3
31,6,547,Mated,2,3
31,55,548,Nonmated,1,1
31,45,549,Nonmated,2,3
31,31,550,Nonmated,2,3
31,38,551,Mated,2,3
31,37,552,Nonmated,2,2
31,39,553,Nonmated,2,3
31,3,554,Nonmated,2,3
31,25,555,Nonmated,2,3
31,22,556,Mated,2,3
31,19,557,Nonmated,2,3
32,33,558,Nonmated,2,3
32,22,559,Mated,2,3
32,9,560,Nonmated,2,3
32,41,561,Nonmated,2,2
32,30,562,Mated,2,3
32,47,563,Nonmated,2,3
32,16,564,Mated,2,3
32,5,565,Nonmated,1,1
32,35,566,Nonmated,1,1
32,8,567,Mated,3,5
27,5,568,Nonmated,2,3
27,42,569,Mated,3,5
27,10,570,Mated,2,3
27,2,571,Mated,1,1
27,20,572,Mated,3,5
27,1,573,Nonmated,1,1
27,7,574,Nonmated,1,1
27,59,575,Nonmated,1,1
27,26,576,Mated,2,4
27,54,577,Mated,3,5
27,15,578,Nonmated,2,3
27,25,579,Nonmated,1,1
27,39,580,Nonmated,2,3
27,14,581,Mated,1,1
27,48,582,Mated,2,3
27,57,583,Nonmated,1,1
27,35,584,Nonmated,1,1
27,31,585,Nonmated,1,1
18,56,586,Mated,2,3
18,10,587,Mated,2,3
18,21,588,Nonmated,1,1
18,50,589,Mated,1,1
18,39,590,Nonmated,1,1
18,47,591,Nonmated,1,1
18,22,592,Mated,1,1
18,34,593,Mated,3,5
18,11,594,Nonmated,1,1
19,11,595,Nonmated,1,1
19,60,596,Mated,2,3
18,5,597,Nonmated,1,1
18,30,598,Mated,3,5
19,6,599,Mated,3,5
19,4,600,Mated,3,5
18,25,601,Nonmated,1,1
21,51,602,Nonmated,1,1
21,16,603,Mated,3,5
21,44,604,Mated,2,3
21,5,605,Nonmated,1,1
21,47,606,Nonmated,2,2
21,25,607,Nonmated,1,1
19,29,608,Nonmated,1,1
19,24,609,Mated,2,3
19,35,610,Nonmated,1,1
19,41,611,Nonmated,1,1
19,26,612,Mated,2,3
19,10,613,Mated,2,2
19,44,614,Mated,2,3
19,25,615,Nonmated,1,1
19,48,616,Mated,2,3
34,54,617,Mated,3,5
34,45,618,Nonmated,2,3
34,50,619,Mated,2,4
34,9,620,Nonmated,1,1
34,22,621,Mated,2,3
34,27,622,Nonmated,2,3
33,40,623,Mated,2,4
33,50,624,Mated,2,3
27,44,625,Mated,2,3
19,2,626,Mated,2,3
19,22,627,Mated,2,3
19,56,628,Mated,2,3
32,18,629,Mated,3,5
32,43,630,Nonmated,1,1
19,42,631,Mated,3,5
32,34,632,Mated,2,3
32,38,633,Mated,2,3
19,38,634,Mated,2,3
32,37,635,Nonmated,2,3
32,50,636,Mated,2,3
32,27,637,Nonmated,2,3
32,45,638,Nonmated,2,3
32,48,639,Mated,2,3
32,29,640,Nonmated,1,1
19,14,641,Mated,3,5
33,4,642,Mated,3,5
33,1,643,Nonmated,2,2
33,26,644,Mated,2,3
33,46,645,Mated,2,3
33,6,646,Mated,3,5
16,44,647,Mated,2,4
16,13,648,Nonmated,2,2
16,17,649,Nonmated,1,1
16,47,650,Nonmated,2,3
33,49,651,Nonmated,2,3
16,30,652,Mated,3,5
16,6,653,Mated,2,3
29,55,654,Nonmated,1,1
16,22,655,Mated,2,3
16,27,656,Nonmated,2,3
16,19,657,Nonmated,2,3
16,23,658,Nonmated,1,1
16,40,659,Mated,3,5
16,11,660,Nonmated,1,1
24,17,661,Nonmated,1,1
24,41,662,Nonmated,2,3
24,11,663,Nonmated,1,1
24,20,664,Mated,3,5
24,22,665,Mated,2,3
24,16,666,Mated,3,5
24,32,667,Mated,3,5
24,7,668,Nonmated,2,3
24,2,669,Mated,2,3
24,42,670,Mated,3,5
24,53,671,Nonmated,2,3
24,55,672,Nonmated,1,1
24,52,673,Mated,3,5
24,4,674,Mated,3,5
34,48,675,Mated,2,2
24,28,676,Mated,2,4
24,57,677,Nonmated,1,1
24,35,678,Nonmated,1,1
34,33,679,Nonmated,1,1
24,36,680,Mated,3,5
24,23,681,Nonmated,2,3
24,18,682,Mated,3,5
34,19,683,Nonmated,1,1
24,26,684,Mated,2,3
34,43,685,Nonmated,1,1
24,1,686,Nonmated,1,1
24,9,687,Nonmated,1,1
24,51,688,Nonmated,1,1
24,10,689,Mated,2,3
24,46,690,Mated,2,3
24,8,691,Mated,3,5
24,13,692,Nonmated,2,3
24,58,693,Mated,3,5
24,45,694,Nonmated,2,3
20,7,695,Nonmated,2,3
20,3,696,Nonmated,2,3
20,33,697,Nonmated,2,3
20,30,698,Mated,3,5
24,14,699,Mated,3,5
24,44,700,Mated,2,4
24,50,701,Mated,2,3
20,32,702,Mated,3,5
24,12,703,Mated,3,5
20,55,704,Nonmated,1,1
24,3,705,Nonmated,1,1
20,36,706,Mated,3,5
24,34,707,Mated,2,3
24,59,708,Nonmated,1,1
24,24,709,Mated,2,3
24,37,710,Nonmated,2,3
24,21,711,Nonmated,2,3
20,60,712,Mated,3,5
24,47,713,Nonmated,2,2
20,46,714,Mated,2,4
20,53,715,Nonmated,2,3
20,22,716,Mated,2,3
20,23,717,Nonmated,2,2
20,39,718,Nonmated,2,3
20,44,719,Mated,2,4
20,28,720,Mated,3,5
33,13,721,Nonmated,2,3
33,39,722,Nonmated,2,3
33,21,723,Nonmated,2,3
24,40,724,Mated,3,5
33,45,725,Nonmated,2,3
33,3,726,Nonmated,2,2
33,41,727,Nonmated,1,1
24,31,728,Nonmated,2,2
24,5,729,Nonmated,1,1
24,43,730,Nonmated,1,1
24,48,731,Mated,2,3
24,6,732,Mated,2,3
24,49,733,Nonmated,2,3
24,54,734,Mated,3,5
24,25,735,Nonmated,2,3
24,27,736,Nonmated,2,3
24,38,737,Mated,2,3
24,60,738,Mated,2,4
24,33,739,Nonmated,2,3
24,19,740,Nonmated,2,2
24,15,741,Nonmated,2,3
24,30,742,Mated,3,5
24,56,743,Mated,2,3
24,39,744,Nonmated,2,3
24,29,745,Nonmated,1,1
7,6,746,Mated,2,4
32,4,747,Mated,2,4
32,17,748,Nonmated,1,1
32,54,749,Mated,2,3
32,23,750,Nonmated,2,3
32,52,751,Mated,2,3
32,19,752,Nonmated,2,3
32,55,753,Nonmated,1,1
32,26,754,Mated,2,3
32,53,755,Nonmated,2,3
32,11,756,Nonmated,1,1
33,11,757,Nonmated,1,1
33,36,758,Mated,3,5
33,42,759,Mated,3,5
33,60,760,Mated,2,3
33,2,761,Mated,2,3
33,8,762,Mated,3,5
33,38,763,Mated,2,3
33,52,764,Mated,3,5
33,16,765,Mated,3,5
34,13,766,Nonmated,2,2
34,1,767,Nonmated,1,1
34,57,768,Nonmated,1,1
34,30,769,Mated,3,5
34,26,770,Mated,2,3
34,20,771,Mated,3,5
34,8,772,Mated,3,5
34,36,773,Mated,3,5
34,24,774,Mated,2,4
34,15,775,Nonmated,2,3
32,13,776,Nonmated,2,3
32,58,777,Mated,3,5
32,25,778,Nonmated,2,3
32,59,779,Nonmated,2,2
32,36,780,Mated,2,4
32,49,781,Nonmated,2,3
32,39,782,Nonmated,2,3
32,39,783,Nonmated,2,3
32,21,784,Nonmated,2,3
32,42,785,Mated,2,3
19,19,786,Nonmated,2,3
19,39,787,Nonmated,2,3
19,3,788,Nonmated,1,1
19,51,789,Nonmated,1,1
19,15,790,Nonmated,2,3
19,54,791,Mated,3,5
19,12,792,Mated,2,3
19,37,793,Nonmated,2,3
19,53,794,Nonmated,1,1
31,35,795,Nonmated,1,1
31,7,796,Nonmated,2,3
32,7,797,Nonmated,2,3
32,57,798,Nonmated,1,1
32,10,799,Mated,2,2
32,31,800,Nonmated,2,3
32,40,801,Mated,2,3
32,12,802,Mated,2,3
32,3,803,Nonmated,2,2
32,15,804,Nonmated,2,3
32,6,805,Mated,2,3
32,14,806,Mated,2,4
32,56,807,Mated,1,1
16,58,808,Mated,3,5
16,26,809,Mated,3,5
16,32,810,Mated,3,5
16,59,811,Nonmated,2,2
16,15,812,Nonmated,2,3
16,38,813,Mated,2,2
19,13,814,Nonmated,2,3
19,5,815,Nonmated,1,1
19,46,816,Mated,2,4
19,8,817,Mated,3,5
19,55,818,Nonmated,1,1
19,20,819,Mated,3,5
19,18,820,Mated,3,5
27,37,821,Nonmated,2,3
27,33,822,Nonmated,2,3
27,53,823,Nonmated,1,1
27,45,824,Nonmated,2,3
27,43,825,Nonmated,1,1
27,4,826,Mated,3,5
27,49,827,Nonmated,2,3
27,17,828,Nonmated,2,3
27,27,829,Nonmated,2,3
27,13,830,Nonmated,2,3
27,19,831,Nonmated,2,3
27,24,832,Mated,2,3
27,3,833,Nonmated,2,3
27,23,834,Nonmated,2,3
27,47,835,Nonmated,1,1
27,36,836,Mated,3,5
27,51,837,Nonmated,1,1
27,52,838,Mated,3,5
35,53,839,Nonmated,1,1
27,9,840,Nonmated,2,3
27,56,841,Mated,2,3
27,21,842,Nonmated,2,3
27,8,843,Mated,3,5
27,58,844,Mated,1,1
27,60,845,Mated,2,3
27,55,846,Nonmated,1,1
35,45,847,Nonmated,1,1
35,17,848,Nonmated,1,1
35,38,849,Mated,1,1
35,59,850,Nonmated,1,1
20,38,851,Mated,2,3
20,18,852,Mated,3,5
20,35,853,Nonmated,1,1
20,1,854,Nonmated,1,1
20,41,855,Nonmated,2,3
35,27,856,Nonmated,2,3
20,11,857,Nonmated,1,1
35,44,858,Mated,2,3
20,15,859,Nonmated,2,3
35,5,860,Nonmated,1,1
35,39,861,Nonmated,2,3
35,16,862,Mated,2,4
35,8,863,Mated,2,4
35,26,864,Mated,2,3
35,49,865,Nonmated,2,3
35,3,866,Nonmated,2,2
35,43,867,Nonmated,1,1
35,60,868,Mated,2,3
35,32,869,Mated,2,2
35,42,870,Mated,3,5
20,26,871,Mated,3,5
20,19,872,Nonmated,2,3
20,42,873,Mated,3,5
20,20,874,Mated,3,5
20,24,875,Mated,2,3
5,27,876,Nonmated,2,3
5,12,877,Mated,2,2
5,52,878,Mated,2,4
5,59,879,Nonmated,2,2
5,42,880,Mated,3,5
5,19,881,Nonmated,2,3
5,11,882,Nonmated,1,1
5,17,883,Nonmated,1,1
5,3,884,Nonmated,1,1
5,10,885,Mated,2,3
5,39,886,Nonmated,2,3
5,49,887,Nonmated,2,2
5,16,888,Mated,3,5
5,14,889,Mated,1,1
5,21,890,Nonmated,1,1
5,53,891,Nonmated,2,2
5,46,892,Mated,2,3
32,20,893,Mated,3,5
32,28,894,Mated,2,3
32,1,895,Nonmated,2,3
32,51,896,Nonmated,1,1
32,60,897,Mated,2,3
32,2,898,Mated,2,3
32,46,899,Mated,2,4
32,24,900,Mated,2,3
32,44,901,Mated,2,3
32,32,902,Mated,2,3
19,57,903,Nonmated,1,1
19,17,904,Nonmated,2,3
19,34,905,Mated,2,3
19,23,906,Nonmated,2,2
19,28,907,Mated,3,5
19,27,908,Nonmated,2,3
19,16,909,Mated,3,5
19,36,910,Mated,3,5
19,32,911,Mated,3,5
19,33,912,Nonmated,2,3
19,1,913,Nonmated,2,2
5,35,914,Nonmated,1,1
5,5,915,Nonmated,1,1
5,6,916,Mated,2,3
20,5,917,Nonmated,1,1
20,40,918,Mated,2,3
20,47,919,Nonmated,2,3
20,57,920,Nonmated,1,1
20,14,921,Mated,3,5
20,59,922,Nonmated,1,1
20,58,923,Mated,3,5
20,56,924,Mated,2,3
20,50,925,Mated,2,3
20,12,926,Mated,2,3
20,54,927,Mated,3,5
20,25,928,Nonmated,2,3
20,43,929,Nonmated,1,1
20,29,930,Nonmated,1,1
20,2,931,Mated,2,3
20,4,932,Mated,3,5
20,16,933,Mated,3,5
21,15,934,Nonmated,2,3
21,45,935,Nonmated,2,3
21,38,936,Mated,2,3
16,37,937,Nonmated,1,1
16,4,938,Mated,3,5
21,17,939,Nonmated,1,1
21,42,940,Mated,3,5
16,7,941,Nonmated,2,3
21,8,942,Mated,3,5
21,52,943,Mated,3,5
16,24,944,Mated,2,3
21,34,945,Mated,2,3
16,3,946,Nonmated,2,2
21,6,947,Mated,2,3
16,8,948,Mated,3,5
16,36,949,Mated,3,5
16,49,950,Nonmated,2,3
21,36,951,Mated,3,5
21,26,952,Mated,2,3
21,43,953,Nonmated,1,1
21,27,954,Nonmated,2,3
21,7,955,Nonmated,1,1
21,58,956,Mated,3,5
5,33,957,Nonmated,2,3
5,34,958,Mated,3,5
5,13,959,Nonmated,2,3
5,22,960,Mated,2,3
5,55,961,Nonmated,1,1
5,30,962,Mated,3,5
5,47,963,Nonmated,2,3
5,56,964,Mated,2,3
21,41,965,Nonmated,1,1
21,18,966,Mated,3,5
21,11,967,Nonmated,1,1
21,50,968,Mated,2,3
21,59,969,Nonmated,1,1
21,22,970,Mated,2,2
21,39,971,Nonmated,2,3
21,48,972,Mated,2,3
21,23,973,Nonmated,2,2
21,13,974,Nonmated,1,1
21,37,975,Nonmated,1,1
21,10,976,Mated,2,3
21,55,977,Nonmated,1,1
21,31,978,Nonmated,1,1
21,4,979,Mated,3,5
21,57,980,Nonmated,1,1
21,21,981,Nonmated,1,1
21,19,982,Nonmated,1,1
21,32,983,Mated,3,5
20,21,984,Nonmated,2,3
20,45,985,Nonmated,2,2
13,48,986,Mated,2,3
13,39,987,Nonmated,2,3
13,55,988,Nonmated,1,1
13,52,989,Mated,3,5
13,53,990,Nonmated,1,1
13,24,991,Mated,2,3
13,6,992,Mated,3,5
22,31,993,Nonmated,1,1
22,26,994,Mated,3,5
22,57,995,Nonmated,1,1
22,38,996,Mated,2,3
22,23,997,Nonmated,1,1
22,36,998,Mated,3,5
22,54,999,Mated,3,5
22,12,1000,Mated,2,3
22,42,1001,Mated,3,5
22,49,1002,Nonmated,2,2
22,55,1003,Nonmated,1,1
22,51,1004,Nonmated,1,1
22,53,1005,Nonmated,2,3
22,50,1006,Mated,2,3
22,2,1007,Mated,2,3
22,25,1008,Nonmated,1,1
22,11,1009,Nonmated,1,1
22,21,1010,Nonmated,2,2
22,32,1011,Mated,3,5
22,34,1012,Mated,3,5
22,22,1013,Mated,2,3
22,44,1014,Mated,2,3
22,20,1015,Mated,3,5
22,58,1016,Mated,3,5
22,35,1017,Nonmated,1,1
22,5,1018,Nonmated,1,1
22,6,1019,Mated,2,3
22,24,1020,Mated,2,3
22,10,1021,Mated,2,3
22,48,1022,Mated,2,3
2,43,1023,Nonmated,3,5
9,7,1024,Nonmated,2,3
9,14,1025,Mated,1,1
9,40,1026,Mated,2,3
9,8,1027,Mated,3,5
9,25,1028,Nonmated,2,3
9,47,1029,Nonmated,1,1
9,13,1030,Nonmated,2,3
9,33,1031,Nonmated,2,3
22,52,1032,Mated,3,5
9,28,1033,Mated,2,4
22,41,1034,Nonmated,1,1
9,17,1035,Nonmated,1,1
9,51,1036,Nonmated,1,1
22,13,1037,Nonmated,2,2
22,30,1038,Mated,3,5
9,32,1039,Mated,2,4
22,37,1040,Nonmated,1,1
9,56,1041,Mated,1,1
9,38,1042,Mated,2,3
22,16,1043,Mated,3,5
9,60,1044,Mated,2,2
9,18,1045,Mated,3,5
22,8,1046,Mated,3,5
9,37,1047,Nonmated,2,3
9,20,1048,Mated,3,5
22,17,1049,Nonmated,1,1
22,15,1050,Nonmated,2,3
9,36,1051,Mated,3,5
9,45,1052,Nonmated,2,3
22,60,1053,Mated,2,3
9,9,1054,Nonmated,1,1
22,18,1055,Mated,3,5
9,59,1056,Nonmated,1,1
9,26,1057,Mated,2,3
9,6,1058,Mated,2,3
9,53,1059,Nonmated,1,1
22,14,1060,Mated,3,5
22,29,1061,Nonmated,1,1
22,19,1062,Nonmated,2,3
22,9,1063,Nonmated,2,2
9,30,1064,Mated,2,4
9,21,1065,Nonmated,1,1
22,33,1066,Nonmated,2,2
9,55,1067,Nonmated,1,1
22,43,1068,Nonmated,1,1
9,58,1069,Mated,3,5
9,24,1070,Mated,2,3
22,47,1071,Nonmated,2,3
22,59,1072,Nonmated,1,1
22,3,1073,Nonmated,1,1
22,56,1074,Mated,2,3
22,40,1075,Mated,3,5
22,39,1076,Nonmated,2,3
22,7,1077,Nonmated,2,2
22,46,1078,Mated,2,4
22,1,1079,Nonmated,1,1
22,28,1080,Mated,3,5
22,27,1081,Nonmated,2,3
22,45,1082,Nonmated,1,1
22,4,1083,Mated,3,5
38,59,1084,Nonmated,1,1
38,10,1085,Mated,2,3
38,57,1086,Nonmated,1,1
38,14,1087,Mated,1,1
38,21,1088,Nonmated,1,1
38,58,1089,Mated,1,1
38,49,1090,Nonmated,2,3
38,4,1091,Mated,3,5
38,40,1092,Mated,2,3
38,1,1093,Nonmated,2,4
38,30,1094,Mated,3,5
38,51,1095,Nonmated,1,1
38,38,1096,Mated,2,3
38,2,1097,Mated,2,3
38,35,1098,Nonmated,1,1
38,33,1099,Nonmated,2,3
38,41,1100,Nonmated,1,1
38,53,1101,Nonmated,2,4
38,47,1102,Nonmated,2,3
38,24,1103,Mated,2,3
38,55,1104,Nonmated,1,1
39,10,1105,Mated,2,3
39,47,1106,Nonmated,1,1
39,18,1107,Mated,3,5
39,24,1108,Mated,2,3
16,35,1109,Nonmated,1,1
16,5,1110,Nonmated,1,1
34,12,1111,Mated,2,4
34,18,1112,Mated,3,5
5,54,1113,Mated,2,3
5,45,1114,Nonmated,2,3
16,25,1115,Nonmated,1,1
16,51,1116,Nonmated,1,1
34,59,1117,Nonmated,1,1
5,28,1118,Mated,2,4
5,58,1119,Mated,3,5
16,2,1120,Mated,2,4
5,60,1121,Mated,2,3
16,1,1122,Nonmated,1,1
16,20,1123,Mated,3,5
5,41,1124,Nonmated,2,3
5,20,1125,Mated,3,5
16,10,1126,Mated,2,3
5,44,1127,Mated,2,4
16,14,1128,Mated,2,2
5,50,1129,Mated,2,3
5,51,1130,Nonmated,1,1
5,18,1131,Mated,3,5
16,18,1132,Mated,3,5
5,8,1133,Mated,3,5
16,56,1134,Mated,2,4
5,9,1135,Nonmated,2,3
5,37,1136,Nonmated,1,1
5,4,1137,Mated,3,5
13,44,1138,Mated,2,3
13,35,1139,Nonmated,1,1
13,33,1140,Nonmated,2,3
13,5,1141,Nonmated,1,1
13,26,1142,Mated,3,5
13,27,1143,Nonmated,2,3
13,58,1144,Mated,3,5
13,28,1145,Mated,3,5
13,15,1146,Nonmated,2,3
13,57,1147,Nonmated,1,1
13,25,1148,Nonmated,1,1
13,7,1149,Nonmated,2,3
13,23,1150,Nonmated,1,1
13,43,1151,Nonmated,1,1
13,8,1152,Mated,3,5
13,18,1153,Mated,3,5
13,47,1154,Nonmated,2,3
13,31,1155,Nonmated,2,3
13,22,1156,Mated,2,3
13,14,1157,Mated,1,1
13,19,1158,Nonmated,1,1
13,60,1159,Mated,3,5
5,32,1160,Mated,3,5
5,23,1161,Nonmated,2,3
5,24,1162,Mated,2,4
5,25,1163,Nonmated,1,1
5,31,1164,Nonmated,2,3
5,57,1165,Nonmated,1,1
5,40,1166,Mated,2,3
5,7,1167,Nonmated,1,1
5,48,1168,Mated,2,3
5,43,1169,Nonmated,1,1
5,15,1170,Nonmated,2,3
5,26,1171,Mated,2,4
35,18,1172,Mated,3,5
35,23,1173,Nonmated,2,3
35,35,1174,Nonmated,1,1
35,47,1175,Nonmated,1,1
35,51,1176,Nonmated,1,1
35,46,1177,Mated,2,3
5,36,1178,Mated,3,5
5,38,1179,Mated,2,3
5,1,1180,Nonmated,2,2
5,2,1181,Mated,2,3
5,29,1182,Nonmated,1,1
13,36,1183,Mated,3,5
13,54,1184,Mated,3,5
13,41,1185,Nonmated,1,1
39,12,1186,Mated,2,3
39,8,1187,Mated,3,5
39,56,1188,Mated,2,3
39,37,1189,Nonmated,1,1
39,42,1190,Mated,3,5
39,14,1191,Mated,3,5
39,25,1192,Nonmated,2,2
39,32,1193,Mated,2,3
39,28,1194,Mated,3,5
39,2,1195,Mated,2,2
39,3,1196,Nonmated,2,3
39,55,1197,Nonmated,1,1
39,52,1198,Mated,3,5
39,16,1199,Mated,2,3
39,50,1200,Mated,2,3
39,23,1201,Nonmated,2,3
39,33,1202,Nonmated,2,3
39,9,1203,Nonmated,1,1
39,22,1204,Mated,2,3
39,34,1205,Mated,2,3
39,57,1206,Nonmated,1,1
13,1,1207,Nonmated,1,1
39,31,1208,Nonmated,1,1
13,59,1209,Nonmated,1,1
39,26,1210,Mated,2,3
39,53,1211,Nonmated,2,3
13,17,1212,Nonmated,1,1
13,42,1213,Mated,3,5
13,32,1214,Mated,3,5
13,10,1215,Mated,2,3
13,2,1216,Mated,2,3
13,13,1217,Nonmated,1,1
33,20,1218,Mated,3,5
33,31,1219,Nonmated,2,3
33,9,1220,Nonmated,2,2
33,7,1221,Nonmated,2,3
33,12,1222,Mated,2,3
33,10,1223,Mated,2,3
13,29,1224,Nonmated,1,1
13,21,1225,Nonmated,1,1
13,9,1226,Nonmated,1,1
13,49,1227,Nonmated,1,1
13,51,1228,Nonmated,1,1
13,38,1229,Mated,2,2
13,37,1230,Nonmated,1,1
35,6,1231,Mated,2,3
35,9,1232,Nonmated,2,2
35,11,1233,Nonmated,2,2
35,25,1234,Nonmated,2,3
35,28,1235,Mated,3,5
35,13,1236,Nonmated,2,2
35,58,1237,Mated,3,5
35,54,1238,Mated,3,5
35,41,1239,Nonmated,2,3
35,15,1240,Nonmated,2,3
17,1,1241,Nonmated,2,3
17,22,1242,Mated,2,3
17,35,1243,Nonmated,1,1
17,45,1244,Nonmated,2,3
17,25,1245,Nonmated,2,3
17,42,1246,Mated,3,5
17,30,1247,Mated,3,5
17,36,1248,Mated,3,5
17,27,1249,Nonmated,2,3
17,28,1250,Mated,3,5
17,15,1251,Nonmated,2,3
17,17,1252,Nonmated,2,4
17,39,1253,Nonmated,2,3
17,12,1254,Mated,2,3
17,34,1255,Mated,3,5
17,8,1256,Mated,3,5
17,37,1257,Nonmated,1,1
17,23,1258,Nonmated,2,3
17,21,1259,Nonmated,2,3
17,53,1260,Nonmated,1,1
17,11,1261,Nonmated,1,1
17,59,1262,Nonmated,1,1
17,47,1263,Nonmated,2,2
17,58,1264,Mated,3,5
17,46,1265,Mated,2,4
17,33,1266,Nonmated,2,3
17,55,1267,Nonmated,1,1
17,18,1268,Mated,3,5
17,7,1269,Nonmated,2,3
17,19,1270,Nonmated,1,1
17,38,1271,Mated,2,3
17,20,1272,Mated,3,5
17,26,1273,Mated,2,4
17,32,1274,Mated,2,3
17,41,1275,Nonmated,2,3
17,24,1276,Mated,2,3
17,13,1277,Nonmated,2,3
17,51,1278,Nonmated,1,1
17,49,1279,Nonmated,2,3
17,6,1280,Mated,2,3
34,14,1281,Mated,3,5
34,51,1282,Nonmated,1,1
34,53,1283,Nonmated,1,1
34,5,1284,Nonmated,1,1
34,56,1285,Mated,2,4
34,44,1286,Mated,2,4
34,4,1287,Mated,3,5
34,25,1288,Nonmated,1,1
35,55,1289,Nonmated,2,2
35,20,1290,Mated,3,5
35,56,1291,Mated,2,3
35,2,1292,Mated,2,3
35,7,1293,Nonmated,2,3
35,4,1294,Mated,2,4
35,57,1295,Nonmated,2,2
35,50,1296,Mated,2,3
35,22,1297,Mated,2,3
35,30,1298,Mated,2,3
35,29,1299,Nonmated,1,1
35,37,1300,Nonmated,2,2
35,52,1301,Mated,2,3
35,48,1302,Mated,2,3
35,40,1303,Mated,2,3
35,10,1304,Mated,2,3
35,33,1305,Nonmated,2,3
35,19,1306,Nonmated,2,3
35,36,1307,Mated,3,5
35,14,1308,Mated,1,1
35,1,1309,Nonmated,1,1
35,34,1310,Mated,2,3
35,24,1311,Mated,2,3
35,31,1312,Nonmated,2,3
35,21,1313,Nonmated,2,3
35,12,1314,Mated,2,3
13,45,1315,Nonmated,1,1
13,30,1316,Mated,3,5
13,56,1317,Mated,1,1
13,11,1318,Nonmated,1,1
13,20,1319,Mated,3,5
13,12,1320,Mated,2,3
13,4,1321,Mated,3,5
13,50,1322,Mated,2,3
13,40,1323,Mated,1,1
13,46,1324,Mated,3,5
13,34,1325,Mated,3,5
13,3,1326,Nonmated,1,1
13,16,1327,Mated,3,5
33,27,1328,Nonmated,2,3
33,48,1329,Mated,2,4
33,58,1330,Mated,3,5
33,59,1331,Nonmated,2,4
33,35,1332,Nonmated,1,1
33,22,1333,Mated,2,3
33,56,1334,Mated,2,3
33,47,1335,Nonmated,2,3
33,34,1336,Mated,2,3
33,54,1337,Mated,3,5
33,24,1338,Mated,2,4
33,18,1339,Mated,3,5
33,14,1340,Mated,2,4
33,15,1341,Nonmated,2,3
33,53,1342,Nonmated,2,2
33,32,1343,Mated,2,3
33,57,1344,Nonmated,1,1
33,44,1345,Mated,2,4
33,17,1346,Nonmated,2,3
33,5,1347,Nonmated,2,3
33,51,1348,Nonmated,1,1
33,25,1349,Nonmated,1,1
33,33,1350,Nonmated,2,3
33,28,1351,Mated,2,4
33,43,1352,Nonmated,1,1
33,37,1353,Nonmated,2,3
33,55,1354,Nonmated,1,1
33,29,1355,Nonmated,1,1
33,19,1356,Nonmated,2,3
33,23,1357,Nonmated,2,4
18,44,1358,Mated,3,5
18,59,1359,Nonmated,1,1
18,43,1360,Nonmated,1,1
18,35,1361,Nonmated,1,1
18,55,1362,Nonmated,1,1
18,24,1363,Mated,2,3
18,46,1364,Mated,3,5
18,1,1365,Nonmated,1,1
18,32,1366,Mated,3,5
18,17,1367,Nonmated,1,1
18,51,1368,Nonmated,1,1
18,60,1369,Mated,2,4
28,3,1370,Nonmated,1,1
28,11,1371,Nonmated,1,1
28,21,1372,Nonmated,1,1
28,28,1373,Mated,3,5
28,47,1374,Nonmated,1,1
28,18,1375,Mated,3,5
28,16,1376,Mated,3,5
28,49,1377,Nonmated,1,1
28,33,1378,Nonmated,2,2
34,17,1379,Nonmated,1,1
34,58,1380,Mated,3,5
34,52,1381,Mated,2,4
34,23,1382,Nonmated,2,2
34,29,1383,Nonmated,1,1
34,37,1384,Nonmated,1,1
34,21,1385,Nonmated,2,3
34,11,1386,Nonmated,1,1
34,55,1387,Nonmated,1,1
34,6,1388,Mated,2,4
34,16,1389,Mated,3,5
34,10,1390,Mated,2,3
17,5,1391,Nonmated,2,2
17,52,1392,Mated,2,4
17,40,1393,Mated,2,4
17,44,1394,Mated,2,4
17,10,1395,Mated,2,3
17,10,1396,Mated,2,3
17,16,1397,Mated,3,5
17,3,1398,Nonmated,2,3
17,4,1399,Mated,3,5
17,9,1400,Nonmated,2,3
17,14,1401,Mated,3,5
17,50,1402,Mated,2,3
17,48,1403,Mated,2,3
17,2,1404,Mated,2,3
17,57,1405,Nonmated,1,1
17,43,1406,Nonmated,1,1
17,54,1407,Mated,3,5
17,29,1408,Nonmated,1,1
17,31,1409,Nonmated,2,3
17,56,1410,Mated,2,3
17,60,1411,Mated,3,5
34,46,1412,Mated,2,4
34,39,1413,Nonmated,2,3
34,3,1414,Nonmated,1,1
34,42,1415,Mated,3,5
34,40,1416,Mated,2,4
34,49,1417,Nonmated,1,1
34,32,1418,Mated,3,5
34,41,1419,Nonmated,1,1
34,47,1420,Nonmated,2,2
34,34,1421,Mated,2,3
34,35,1422,Nonmated,1,1
34,7,1423,Nonmated,2,3
34,38,1424,Mated,2,3
34,60,1425,Mated,2,3
34,2,1426,Mated,2,3
34,28,1427,Mated,3,5
34,31,1428,Nonmated,1,1
28,38,1429,Mated,2,3
28,6,1430,Mated,2,3
28,32,1431,Mated,2,3
28,25,1432,Nonmated,1,1
28,52,1433,Mated,2,3
28,20,1434,Mated,3,5
28,34,1435,Mated,2,3
28,54,1436,Mated,3,5
28,5,1437,Nonmated,1,1
28,41,1438,Nonmated,1,1
28,57,1439,Nonmated,1,1
28,10,1440,Mated,2,3
28,35,1441,Nonmated,1,1
28,26,1442,Mated,2,3
28,53,1443,Nonmated,1,1
28,43,1444,Nonmated,1,1
28,24,1445,Mated,2,3
28,8,1446,Mated,3,5
28,59,1447,Nonmated,1,1
28,17,1448,Nonmated,1,1
28,4,1449,Mated,3,5
28,37,1450,Nonmated,2,3
28,31,1451,Nonmated,1,1
28,51,1452,Nonmated,1,1
28,56,1453,Mated,2,3
44,38,1454,Mated,2,3
44,10,1455,Mated,2,3
44,4,1456,Mated,2,4
44,41,1457,Nonmated,2,3
44,36,1458,Mated,3,5
44,26,1459,Mated,2,3
44,44,1460,Mated,2,3
44,7,1461,Nonmated,2,3
6,60,1462,Mated,3,5
46,21,1463,Nonmated,1,1
44,14,1464,Mated,2,3
44,31,1465,Nonmated,2,3
44,23,1466,Nonmated,2,3
46,53,1467,Nonmated,1,1
46,22,1468,Mated,2,3
44,57,1469,Nonmated,1,1
6,53,1470,Nonmated,1,1
6,57,1471,Nonmated,1,1
6,54,1472,Mated,3,5
46,36,1473,Mated,3,5
46,25,1474,Nonmated,1,1
46,56,1475,Mated,2,3
6,15,1476,Nonmated,2,3
46,30,1477,Mated,3,5
46,29,1478,Nonmated,1,1
6,24,1479,Mated,2,3
46,11,1480,Nonmated,1,1
46,48,1481,Mated,2,4
6,9,1482,Nonmated,1,1
44,8,1483,Mated,3,5
46,23,1484,Nonmated,2,3
42,6,1485,Mated,2,4
42,18,1486,Mated,3,5
42,50,1487,Mated,2,3
6,56,1488,Mated,2,4
46,44,1489,Mated,2,4
42,19,1490,Nonmated,2,2
42,31,1491,Nonmated,2,3
46,24,1492,Mated,2,3
42,17,1493,Nonmated,1,1
6,16,1494,Mated,3,5
46,34,1495,Mated,3,5
46,27,1496,Nonmated,2,3
42,11,1497,Nonmated,1,1
42,57,1498,Nonmated,1,1
46,1,1499,Nonmated,1,1
42,33,1500,Nonmated,2,3
42,43,1501,Nonmated,1,1
46,51,1502,Nonmated,1,1
42,4,1503,Mated,3,5
46,2,1504,Mated,2,4
6,33,1505,Nonmated,2,2
42,28,1506,Mated,3,5
44,34,1507,Mated,2,3
46,57,1508,Nonmated,1,1
44,55,1509,Nonmated,1,1
42,46,1510,Mated,2,3
42,54,1511,Mated,3,5
42,27,1512,Nonmated,2,3
46,49,1513,Nonmated,2,2
42,23,1514,Nonmated,2,3
42,1,1515,Nonmated,2,3
42,49,1516,Nonmated,2,3
42,45,1517,Nonmated,2,3
42,14,1518,Mated,1,1
46,50,1519,Mated,2,3
46,6,1520,Mated,2,3
6,47,1521,Nonmated,2,3
44,33,1522,Nonmated,2,3
44,19,1523,Nonmated,2,3
44,35,1524,Nonmated,1,1
6,3,1525,Nonmated,2,2
6,37,1526,Nonmated,2,2
6,29,1527,Nonmated,1,1
6,11,1528,Nonmated,1,1
45,22,1529,Mated,2,3
45,21,1530,Nonmated,2,3
6,22,1531,Mated,2,3
6,40,1532,Mated,2,2
42,34,1533,Mated,3,5
6,13,1534,Nonmated,1,1
45,51,1535,Nonmated,1,1
45,36,1536,Mated,3,5
45,57,1537,Nonmated,1,1
42,60,1538,Mated,3,5
45,39,1539,Nonmated,2,2
45,30,1540,Mated,3,5
45,6,1541,Mated,2,3
6,28,1542,Mated,3,5
42,55,1543,Nonmated,1,1
45,52,1544,Mated,3,5
45,43,1545,Nonmated,1,1
45,25,1546,Nonmated,1,1
6,48,1547,Mated,2,4
45,3,1548,Nonmated,2,2
45,13,1549,Nonmated,2,2
6,31,1550,Nonmated,1,1
45,16,1551,Mated,3,5
45,53,1552,Nonmated,1,1
45,7,1553,Nonmated,2,3
45,12,1554,Mated,2,2
6,1,1555,Nonmated,1,1
45,46,1556,Mated,2,4
42,35,1557,Nonmated,1,1
42,15,1558,Nonmated,2,3
42,56,1559,Mated,2,3
42,9,1560,Nonmated,2,3
42,40,1561,Mated,1,1
45,34,1562,Mated,3,5
45,15,1563,Nonmated,2,3
42,30,1564,Mated,3,5
42,58,1565,Mated,3,5
6,14,1566,Mated,3,5
42,13,1567,Nonmated,2,3
42,24,1568,Mated,2,3
6,17,1569,Nonmated,2,2
42,32,1570,Mated,2,4
42,20,1571,Mated,3,5
42,37,1572,Nonmated,2,2
42,21,1573,Nonmated,2,3
6,4,1574,Mated,3,5
42,26,1575,Mated,2,3
6,23,1576,Nonmated,1,1
6,49,1577,Nonmated,1,1
6,50,1578,Mated,2,4
6,42,1579,Mated,3,5
6,41,1580,Nonmated,2,3
6,34,1581,Mated,3,5
6,18,1582,Mated,3,5
6,44,1583,Mated,2,4
6,39,1584,Nonmated,2,3
6,45,1585,Nonmated,1,1
6,32,1586,Mated,2,3
6,8,1587,Mated,3,5
6,5,1588,Nonmated,2,2
6,2,1589,Mated,2,3
6,19,1590,Nonmated,1,1
42,25,1591,Nonmated,2,3
6,27,1592,Nonmated,2,3
6,58,1593,Mated,3,5
42,7,1594,Nonmated,2,3
42,47,1595,Nonmated,2,3
6,38,1596,Mated,1,1
42,5,1597,Nonmated,1,1
6,10,1598,Mated,2,3
6,43,1599,Nonmated,1,1
6,7,1600,Nonmated,2,3
6,25,1601,Nonmated,2,2
6,51,1602,Nonmated,1,1
6,46,1603,Mated,2,4
6,52,1604,Mated,2,4
6,6,1605,Mated,2,3
6,36,1606,Mated,3,5
6,35,1607,Nonmated,1,1
6,59,1608,Nonmated,1,1
6,26,1609,Mated,2,3
6,21,1610,Nonmated,2,3
6,30,1611,Mated,3,5
6,55,1612,Nonmated,1,1
6,20,1613,Mated,3,5
6,12,1614,Mated,1,1
46,5,1615,Nonmated,1,1
46,60,1616,Mated,3,5
46,59,1617,Nonmated,1,1
46,7,1618,Nonmated,2,3
46,47,1619,Nonmated,2,2
28,46,1620,Mated,1,1
28,36,1621,Mated,3,5
28,23,1622,Nonmated,2,3
37,43,1623,Nonmated,1,1
28,48,1624,Mated,2,2
37,10,1625,Mated,2,3
28,58,1626,Mated,3,5
28,45,1627,Nonmated,2,3
28,9,1628,Nonmated,1,1
37,55,1629,Nonmated,1,1
28,42,1630,Mated,2,3
28,22,1631,Mated,2,3
37,47,1632,Nonmated,2,3
48,12,1633,Mated,3,5
42,52,1634,Mated,3,5
42,51,1635,Nonmated,1,1
42,16,1636,Mated,3,5
42,44,1637,Mated,2,4
42,38,1638,Mated,2,3
42,42,1639,Mated,3,5
43,60,1640,Mated,2,3
43,44,1641,Mated,2,2
43,15,1642,Nonmated,2,2
43,52,1643,Mated,3,5
43,27,1644,Nonmated,2,3
42,41,1645,Nonmated,2,3
39,17,1646,Nonmated,3,5
43,13,1647,Nonmated,2,2
39,27,1648,Nonmated,2,3
39,39,1649,Nonmated,2,3
43,55,1650,Nonmated,1,1
39,59,1651,Nonmated,2,2
43,12,1652,Mated,2,2
43,19,1653,Nonmated,2,3
43,22,1654,Mated,2,3
39,38,1655,Mated,2,3
39,30,1656,Mated,3,5
39,4,1657,Mated,3,5
39,49,1658,Nonmated,2,3
39,29,1659,Nonmated,1,1
39,6,1660,Mated,2,3
43,21,1661,Nonmated,2,2
39,1,1662,Nonmated,1,1
39,46,1663,Mated,2,3
39,40,1664,Mated,2,4
43,41,1665,Nonmated,1,1
39,36,1666,Mated,1,1
39,43,1667,Nonmated,1,1
39,48,1668,Mated,2,3
39,45,1669,Nonmated,2,3
43,51,1670,Nonmated,1,1
39,41,1671,Nonmated,2,2
39,21,1672,Nonmated,2,3
39,11,1673,Nonmated,1,1
39,19,1674,Nonmated,1,1
39,5,1675,Nonmated,2,3
39,35,1676,Nonmated,1,1
39,51,1677,Nonmated,1,1
39,58,1678,Mated,2,3
39,54,1679,Mated,2,3
39,15,1680,Nonmated,2,3
39,60,1681,Mated,2,3
39,44,1682,Mated,1,1
39,13,1683,Nonmated,2,3
39,20,1684,Mated,3,5
43,5,1685,Nonmated,1,1
46,38,1686,Mated,2,3
48,42,1687,Mated,3,5
43,57,1688,Nonmated,1,1
43,42,1689,Mated,3,5
46,15,1690,Nonmated,2,3
46,43,1691,Nonmated,1,1
43,14,1692,Mated,1,1
46,18,1693,Mated,3,5
46,9,1694,Nonmated,1,1
43,25,1695,Nonmated,1,1
43,6,1696,Mated,2,3
43,59,1697,Nonmated,1,1
46,45,1698,Nonmated,1,1
45,41,1699,Nonmated,1,1
46,26,1700,Mated,2,3
46,28,1701,Mated,3,5
46,4,1702,Mated,3,5
43,4,1703,Mated,3,5
46,3,1704,Nonmated,1,1
46,13,1705,Nonmated,2,3
46,10,1706,Mated,2,3
46,19,1707,Nonmated,1,1
46,14,1708,Mated,3,5
43,29,1709,Nonmated,1,1
43,31,1710,Nonmated,2,2
43,17,1711,Nonmated,1,1
42,12,1712,Mated,3,5
43,48,1713,Mated,2,3
46,41,1714,Nonmated,1,1
46,37,1715,Nonmated,1,1
46,39,1716,Nonmated,2,3
46,54,1717,Mated,3,5
46,20,1718,Mated,3,5
46,35,1719,Nonmated,1,1
46,8,1720,Mated,3,5
46,46,1721,Mated,3,5
46,17,1722,Nonmated,1,1
46,42,1723,Mated,3,5
46,31,1724,Nonmated,1,1
46,55,1725,Nonmated,1,1
37,2,1726,Mated,2,3
28,44,1727,Mated,1,1
28,12,1728,Mated,1,1
28,13,1729,Nonmated,1,1
28,30,1730,Mated,3,5
2,45,1731,Nonmated,2,3
43,45,1732,Nonmated,1,1
43,11,1733,Nonmated,1,1
43,46,1734,Mated,2,4
43,36,1735,Mated,3,5
43,26,1736,Mated,2,3
43,38,1737,Mated,2,3
43,37,1738,Nonmated,1,1
43,10,1739,Mated,2,3
43,2,1740,Mated,2,3
43,9,1741,Nonmated,2,2
42,29,1742,Nonmated,1,1
43,49,1743,Nonmated,2,3
42,8,1744,Mated,3,5
42,22,1745,Mated,2,3
42,59,1746,Nonmated,1,1
42,39,1747,Nonmated,2,3
42,10,1748,Mated,2,3
42,36,1749,Mated,3,5
42,2,1750,Mated,2,3
42,3,1751,Nonmated,1,1
43,32,1752,Mated,2,2
42,53,1753,Nonmated,1,1
43,56,1754,Mated,2,3
43,43,1755,Nonmated,1,1
43,58,1756,Mated,3,5
43,23,1757,Nonmated,2,3
46,40,1758,Mated,3,5
46,58,1759,Mated,3,5
43,7,1760,Nonmated,2,2
43,50,1761,Mated,2,3
46,12,1762,Mated,2,4
46,33,1763,Nonmated,2,4
43,39,1764,Nonmated,2,3
46,16,1765,Mated,3,5
46,52,1766,Mated,2,4
46,32,1767,Mated,3,5
43,24,1768,Mated,2,3
43,35,1769,Nonmated,1,1
43,53,1770,Nonmated,1,1
43,18,1771,Mated,3,5
43,3,1772,Nonmated,1,1
43,20,1773,Mated,3,5
43,47,1774,Nonmated,2,3
48,1,1775,Nonmated,2,4
48,3,1776,Nonmated,2,3
48,52,1777,Mated,3,5
48,7,1778,Nonmated,1,1
48,13,1779,Nonmated,1,1
48,24,1780,Mated,2,4
9,43,1781,Nonmated,1,1
9,19,1782,Nonmated,2,3
9,48,1783,Mated,2,3
9,3,1784,Nonmated,1,1
9,5,1785,Nonmated,2,3
9,27,1786,Nonmated,2,3
9,39,1787,Nonmated,2,3
9,35,1788,Nonmated,1,1
9,34,1789,Mated,1,1
9,57,1790,Nonmated,1,1
9,15,1791,Nonmated,2,3
9,10,1792,Mated,2,2
9,41,1793,Nonmated,2,3
9,42,1794,Mated,3,5
9,46,1795,Mated,2,3
9,49,1796,Nonmated,2,3
9,29,1797,Nonmated,1,1
9,54,1798,Mated,3,5
9,31,1799,Nonmated,1,1
9,50,1800,Mated,2,3
9,11,1801,Nonmated,1,1
9,16,1802,Mated,2,4
9,22,1803,Mated,2,3
9,4,1804,Mated,1,1
9,12,1805,Mated,2,3
9,44,1806,Mated,1,1
9,52,1807,Mated,2,4
9,23,1808,Nonmated,1,1
9,1,1809,Nonmated,1,1
43,16,1810,Mated,3,5
43,30,1811,Mated,3,5
43,33,1812,Nonmated,2,2
43,54,1813,Mated,3,5
43,34,1814,Mated,3,5
43,1,1815,Nonmated,1,1
43,28,1816,Mated,3,5
43,40,1817,Mated,3,5
43,8,1818,Mated,3,5
28,2,1819,Mated,1,1
28,39,1820,Nonmated,1,1
28,60,1821,Mated,1,1
28,50,1822,Mated,2,4
28,27,1823,Nonmated,1,1
28,14,1824,Mated,2,3
28,15,1825,Nonmated,2,3
28,40,1826,Mated,2,3
28,55,1827,Nonmated,1,1
49,9,1828,Nonmated,1,1
49,38,1829,Mated,2,3
49,36,1830,Mated,3,5
49,2,1831,Mated,1,1
49,54,1832,Mated,3,5
28,19,1833,Nonmated,1,1
28,7,1834,Nonmated,2,3
28,29,1835,Nonmated,1,1
49,47,1836,Nonmated,1,1
28,1,1837,Nonmated,2,3
49,12,1838,Mated,2,3
49,14,1839,Mated,2,4
49,40,1840,Mated,2,3
49,10,1841,Mated,2,3
49,43,1842,Nonmated,1,1
49,44,1843,Mated,2,3
49,24,1844,Mated,2,3
49,37,1845,Nonmated,1,1
49,39,1846,Nonmated,2,3
49,37,1847,Nonmated,1,1
37,38,1848,Mated,1,1
37,53,1849,Nonmated,2,3
37,13,1850,Nonmated,2,3
37,39,1851,Nonmated,2,3
49,6,1852,Mated,2,4
37,41,1853,Nonmated,2,4
49,34,1854,Mated,1,1
49,7,1855,Nonmated,1,1
49,28,1856,Mated,2,3
49,29,1857,Nonmated,1,1
49,50,1858,Mated,2,3
49,4,1859,Mated,3,5
49,60,1860,Mated,3,5
49,33,1861,Nonmated,2,3
49,20,1862,Mated,3,5
49,51,1863,Nonmated,1,1
45,42,1864,Mated,3,5
45,47,1865,Nonmated,1,1
45,38,1866,Mated,2,2
45,8,1867,Mated,3,5
45,49,1868,Nonmated,3,5
45,23,1869,Nonmated,2,3
45,26,1870,Mated,2,2
45,31,1871,Nonmated,1,1
45,5,1872,Nonmated,2,2
49,15,1873,Nonmated,1,1
49,31,1874,Nonmated,1,1
49,30,1875,Mated,3,5
45,40,1876,Mated,3,5
45,17,1877,Nonmated,1,1
45,59,1878,Nonmated,1,1
45,19,1879,Nonmated,2,3
45,44,1880,Mated,2,3
45,35,1881,Nonmated,1,1
45,1,1882,Nonmated,2,2
49,49,1883,Nonmated,2,3
49,23,1884,Nonmated,2,3
49,21,1885,Nonmated,1,1
49,41,1886,Nonmated,1,1
49,25,1887,Nonmated,1,1
50,26,1888,Mated,2,4
50,37,1889,Nonmated,1,1
50,16,1890,Mated,3,5
50,45,1891,Nonmated,1,1
50,58,1892,Mated,3,5
50,59,1893,Nonmated,1,1
50,4,1894,Mated,3,5
50,44,1895,Mated,3,5
50,43,1896,Nonmated,1,1
50,55,1897,Nonmated,1,1
50,54,1898,Mated,3,5
50,34,1899,Mated,3,5
50,53,1900,Nonmated,1,1
50,8,1901,Mated,3,5
50,21,1902,Nonmated,2,2
50,19,1903,Nonmated,2,3
50,47,1904,Nonmated,1,1
50,46,1905,Mated,3,5
50,41,1906,Nonmated,1,1
50,13,1907,Nonmated,1,1
50,42,1908,Mated,1,1
50,38,1909,Mated,2,2
50,22,1910,Mated,2,3
50,56,1911,Mated,2,3
50,57,1912,Nonmated,1,1
50,49,1913,Nonmated,1,1
50,7,1914,Nonmated,1,1
50,40,1915,Mated,3,5
50,31,1916,Nonmated,2,3
49,59,1917,Nonmated,1,1
49,48,1918,Mated,2,3
49,42,1919,Mated,3,5
50,20,1920,Mated,3,5
50,17,1921,Nonmated,2,3
50,29,1922,Nonmated,1,1
50,2,1923,Mated,2,3
50,51,1924,Nonmated,1,1
50,27,1925,Nonmated,2,3
50,23,1926,Nonmated,1,1
50,11,1927,Nonmated,1,1
50,14,1928,Mated,3,5
50,35,1929,Nonmated,1,1
50,15,1930,Nonmated,2,3
50,12,1931,Mated,3,5
50,24,1932,Mated,3,5
50,36,1933,Mated,3,5
50,25,1934,Nonmated,1,1
50,6,1935,Mated,2,3
50,50,1936,Mated,3,5
50,3,1937,Nonmated,1,1
50,10,1938,Mated,2,3
50,48,1939,Mated,3,5
50,9,1940,Nonmated,1,1
50,30,1941,Mated,3,5
50,28,1942,Mated,3,5
50,33,1943,Nonmated,2,3
50,32,1944,Mated,3,5
50,52,1945,Mated,3,5
50,5,1946,Nonmated,1,1
50,18,1947,Mated,3,5
50,1,1948,Nonmated,1,1
50,60,1949,Mated,3,5
7,1,1950,Nonmated,1,1
7,42,1951,Mated,3,5
7,31,1952,Nonmated,1,1
7,55,1953,Nonmated,1,1
7,40,1954,Mated,2,4
7,37,1955,Nonmated,2,2
7,2,1956,Mated,2,3
7,58,1957,Mated,3,5
7,25,1958,Nonmated,1,1
7,23,1959,Nonmated,2,3
7,8,1960,Mated,3,5
7,35,1961,Nonmated,1,1
7,44,1962,Mated,2,3
7,52,1963,Mated,3,5
7,53,1964,Nonmated,2,3
7,14,1965,Mated,1,1
49,13,1966,Nonmated,1,1
49,11,1967,Nonmated,1,1
49,1,1968,Nonmated,1,1
49,46,1969,Mated,2,4
49,57,1970,Nonmated,1,1
49,16,1971,Mated,3,5
48,49,1972,Nonmated,2,3
48,26,1973,Mated,2,3
1,47,1974,Nonmated,2,2
49,5,1975,Nonmated,1,1
49,17,1976,Nonmated,2,3
49,58,1977,Mated,3,5
47,60,1978,Mated,2,4
47,40,1979,Mated,2,4
47,41,1980,Nonmated,1,1
47,21,1981,Nonmated,2,3
47,18,1982,Mated,3,5
47,14,1983,Mated,3,5
47,53,1984,Nonmated,1,1
47,11,1985,Nonmated,1,1
47,52,1986,Mated,2,3
47,13,1987,Nonmated,1,1
47,39,1988,Nonmated,2,3
47,8,1989,Mated,3,5
47,42,1990,Mated,3,5
47,19,1991,Nonmated,2,3
47,34,1992,Mated,3,5
47,12,1993,Mated,2,3
47,57,1994,Nonmated,1,1
47,38,1995,Mated,2,3
47,26,1996,Mated,2,3
47,45,1997,Nonmated,2,3
47,30,1998,Mated,3,5
47,56,1999,Mated,2,3
47,59,2000,Nonmated,2,2
47,6,2001,Mated,2,3
47,55,2002,Nonmated,1,1
47,33,2003,Nonmated,2,3
47,46,2004,Mated,2,4
47,15,2005,Nonmated,2,3
47,3,2006,Nonmated,1,1
47,22,2007,Mated,2,3
49,56,2008,Mated,2,2
49,32,2009,Mated,2,3
53,47,2010,Nonmated,2,2
53,22,2011,Mated,2,3
53,7,2012,Nonmated,2,3
53,31,2013,Nonmated,2,3
53,2,2014,Mated,1,1
53,23,2015,Nonmated,2,3
53,52,2016,Mated,3,5
53,51,2017,Nonmated,1,1
53,60,2018,Mated,2,4
53,9,2019,Nonmated,1,1
53,5,2020,Nonmated,2,2
53,8,2021,Mated,3,5
53,55,2022,Nonmated,1,1
53,58,2023,Mated,1,1
53,13,2024,Nonmated,2,3
53,15,2025,Nonmated,2,3
53,10,2026,Mated,2,3
53,11,2027,Nonmated,1,1
53,28,2028,Mated,2,4
53,54,2029,Mated,3,5
53,39,2030,Nonmated,2,3
53,37,2031,Nonmated,2,3
53,43,2032,Nonmated,1,1
53,49,2033,Nonmated,2,3
53,19,2034,Nonmated,2,2
53,59,2035,Nonmated,2,2
53,20,2036,Mated,3,5
53,17,2037,Nonmated,1,1
53,46,2038,Mated,2,3
53,38,2039,Mated,2,3
53,41,2040,Nonmated,2,3
53,33,2041,Nonmated,2,3
53,53,2042,Nonmated,1,1
53,12,2043,Mated,2,3
53,42,2044,Mated,3,5
53,29,2045,Nonmated,1,1
53,45,2046,Nonmated,2,3
53,36,2047,Mated,2,4
53,32,2048,Mated,2,4
53,30,2049,Mated,3,5
53,21,2050,Nonmated,2,3
53,40,2051,Mated,3,5
53,4,2052,Mated,3,5
53,34,2053,Mated,3,5
53,44,2054,Mated,2,3
53,25,2055,Nonmated,2,3
53,1,2056,Nonmated,1,1
53,57,2057,Nonmated,2,3
53,48,2058,Mated,2,3
53,26,2059,Mated,2,3
53,18,2060,Mated,3,5
53,3,2061,Nonmated,1,1
53,35,2062,Nonmated,1,1
53,14,2063,Mated,2,3
53,56,2064,Mated,2,3
53,24,2065,Mated,2,3
53,27,2066,Nonmated,2,4
53,6,2067,Mated,2,3
53,50,2068,Mated,2,3
53,16,2069,Mated,3,5
47,58,2070,Mated,3,5
47,4,2071,Mated,3,5
47,27,2072,Nonmated,2,3
47,10,2073,Mated,2,3
47,31,2074,Nonmated,2,3
47,25,2075,Nonmated,1,1
47,37,2076,Nonmated,2,3
47,29,2077,Nonmated,1,1
47,49,2078,Nonmated,2,2
47,7,2079,Nonmated,2,2
47,35,2080,Nonmated,1,1
47,48,2081,Mated,2,3
47,43,2082,Nonmated,1,1
47,36,2083,Mated,3,5
47,20,2084,Mated,3,5
47,1,2085,Nonmated,2,3
47,32,2086,Mated,2,4
47,44,2087,Mated,2,3
47,9,2088,Nonmated,2,3
47,24,2089,Mated,2,3
47,50,2090,Mated,2,3
47,51,2091,Nonmated,1,1
47,54,2092,Mated,3,5
47,17,2093,Nonmated,1,1
47,28,2094,Mated,3,5
49,27,2095,Nonmated,2,3
49,8,2096,Mated,3,5
49,55,2097,Nonmated,1,1
49,3,2098,Nonmated,1,1
48,17,2099,Nonmated,2,3
49,53,2100,Nonmated,2,2
49,35,2101,Nonmated,1,1
49,18,2102,Mated,3,5
49,19,2103,Nonmated,2,3
49,52,2104,Mated,3,5
49,22,2105,Mated,2,3
49,26,2106,Mated,2,4
49,45,2107,Nonmated,2,3
47,23,2108,Nonmated,2,3
47,2,2109,Mated,2,2
47,5,2110,Nonmated,1,1
47,16,2111,Mated,3,5
47,47,2112,Nonmated,2,3
52,26,2113,Mated,3,5
52,57,2114,Nonmated,1,1
52,52,2115,Mated,3,5
52,37,2116,Nonmated,1,1
52,30,2117,Mated,3,5
52,22,2118,Mated,2,3
52,54,2119,Mated,3,5
52,38,2120,Mated,2,3
52,44,2121,Mated,2,3
52,40,2122,Mated,3,5
52,31,2123,Nonmated,1,1
52,3,2124,Nonmated,2,2
52,8,2125,Mated,3,5
52,50,2126,Mated,2,3
52,46,2127,Mated,3,5
52,14,2128,Mated,3,5
52,16,2129,Mated,3,5
52,34,2130,Mated,3,5
52,15,2131,Nonmated,2,3
52,47,2132,Nonmated,2,2
52,10,2133,Mated,2,3
52,6,2134,Mated,2,3
52,56,2135,Mated,2,4
52,7,2136,Nonmated,2,3
52,49,2137,Nonmated,1,1
52,28,2138,Mated,3,5
52,11,2139,Nonmated,1,1
52,58,2140,Mated,3,5
52,59,2141,Nonmated,1,1
52,1,2142,Nonmated,1,1
52,55,2143,Nonmated,1,1
52,12,2144,Mated,2,3
52,53,2145,Nonmated,1,1
52,45,2146,Nonmated,1,1
52,20,2147,Mated,3,5
52,43,2148,Nonmated,1,1
52,39,2149,Nonmated,2,3
52,5,2150,Nonmated,1,1
52,19,2151,Nonmated,2,2
52,27,2152,Nonmated,2,3
52,33,2153,Nonmated,2,2
52,23,2154,Nonmated,1,1
52,13,2155,Nonmated,1,1
52,48,2156,Mated,2,3
52,24,2157,Mated,2,4
52,29,2158,Nonmated,1,1
52,25,2159,Nonmated,1,1
52,60,2160,Mated,3,5
52,9,2161,Nonmated,2,3
52,51,2162,Nonmated,1,1
52,18,2163,Mated,3,5
52,2,2164,Mated,2,3
52,35,2165,Nonmated,1,1
52,17,2166,Nonmated,1,1
52,42,2167,Mated,3,5
52,4,2168,Mated,3,5
52,36,2169,Mated,3,5
52,32,2170,Mated,3,5
52,41,2171,Nonmated,2,2
52,21,2172,Nonmated,1,1
37,46,2173,Mated,2,4
54,46,2174,Mated,2,3
54,14,2175,Mated,1,1
54,54,2176,Mated,3,5
54,58,2177,Mated,3,5
54,45,2178,Nonmated,1,1
54,35,2179,Nonmated,1,1
54,8,2180,Mated,3,5
54,23,2181,Nonmated,1,1
54,11,2182,Nonmated,1,1
54,1,2183,Nonmated,1,1
54,39,2184,Nonmated,2,3
54,60,2185,Mated,2,3
54,59,2186,Nonmated,1,1
54,48,2187,Mated,2,3
54,34,2188,Mated,3,5
54,3,2189,Nonmated,1,1
54,41,2190,Nonmated,2,3
54,13,2191,Nonmated,2,3
54,4,2192,Mated,3,5
54,38,2193,Mated,2,3
54,52,2194,Mated,3,5
54,28,2195,Mated,2,3
48,38,2196,Mated,2,3
48,46,2197,Mated,2,4
48,51,2198,Nonmated,1,1
54,6,2199,Mated,2,3
48,57,2200,Nonmated,2,3
48,23,2201,Nonmated,2,3
54,18,2202,Mated,3,5
54,31,2203,Nonmated,2,3
54,24,2204,Mated,2,3
54,53,2205,Nonmated,2,2
54,37,2206,Nonmated,2,3
48,41,2207,Nonmated,2,3
54,33,2208,Nonmated,2,3
48,20,2209,Mated,3,5
54,10,2210,Mated,2,3
48,2,2211,Mated,2,3
54,2,2212,Mated,2,3
54,26,2213,Mated,2,3
54,7,2214,Nonmated,2,3
54,50,2215,Mated,2,3
54,49,2216,Nonmated,2,3
54,27,2217,Nonmated,2,3
54,5,2218,Nonmated,1,1
54,43,2219,Nonmated,1,1
54,44,2220,Mated,2,3
54,51,2221,Nonmated,1,1
54,9,2222,Nonmated,2,3
54,19,2223,Nonmated,2,3
54,17,2224,Nonmated,1,1
54,21,2225,Nonmated,2,3
54,22,2226,Mated,2,3
54,40,2227,Mated,2,3
48,58,2228,Mated,3,5
54,30,2229,Mated,3,5
48,19,2230,Nonmated,1,1
54,25,2231,Nonmated,1,1
54,55,2232,Nonmated,1,1
54,56,2233,Mated,2,3
54,29,2234,Nonmated,1,1
54,36,2235,Mated,3,5
54,57,2236,Nonmated,1,1
54,12,2237,Mated,1,1
54,42,2238,Mated,3,5
54,47,2239,Nonmated,2,3
54,15,2240,Nonmated,2,3
54,32,2241,Mated,2,3
54,20,2242,Mated,3,5
48,56,2243,Mated,2,3
54,16,2244,Mated,3,5
48,48,2245,Mated,2,4
48,16,2246,Mated,3,5
48,31,2247,Nonmated,1,1
41,48,2248,Mated,2,3
41,33,2249,Nonmated,2,3
41,39,2250,Nonmated,2,3
41,31,2251,Nonmated,2,3
41,22,2252,Mated,2,3
41,20,2253,Mated,3,5
41,51,2254,Nonmated,1,1
41,60,2255,Mated,2,4
41,47,2256,Nonmated,2,3
41,35,2257,Nonmated,1,1
41,13,2258,Nonmated,2,3
41,53,2259,Nonmated,2,3
41,59,2260,Nonmated,2,3
41,3,2261,Nonmated,2,2
41,7,2262,Nonmated,2,2
41,30,2263,Mated,3,5
41,44,2264,Mated,2,3
41,41,2265,Nonmated,2,3
41,27,2266,Nonmated,2,3
41,57,2267,Nonmated,1,1
41,56,2268,Mated,2,4
41,50,2269,Mated,2,3
41,26,2270,Mated,2,3
41,15,2271,Nonmated,2,3
41,45,2272,Nonmated,1,1
41,23,2273,Nonmated,2,2
41,25,2274,Nonmated,2,3
41,38,2275,Mated,2,3
41,40,2276,Mated,2,3
41,5,2277,Nonmated,2,3
51,12,2278,Mated,2,4
51,3,2279,Nonmated,2,2
51,29,2280,Nonmated,1,1
51,21,2281,Nonmated,1,1
51,20,2282,Mated,3,5
51,53,2283,Nonmated,1,1
51,43,2284,Nonmated,1,1
51,48,2285,Mated,2,4
41,10,2286,Mated,2,2
41,34,2287,Mated,3,5
41,52,2288,Mated,3,5
51,28,2289,Mated,2,3
51,44,2290,Mated,2,4
51,16,2291,Mated,3,5
51,57,2292,Nonmated,1,1
41,49,2293,Nonmated,2,2
51,49,2294,Nonmated,1,1
51,55,2295,Nonmated,1,1
51,23,2296,Nonmated,1,1
41,37,2297,Nonmated,2,2
51,40,2298,Mated,2,4
41,43,2299,Nonmated,1,1
51,2,2300,Mated,1,1
51,51,2301,Nonmated,1,1
41,2,2302,Mated,2,3
51,32,2303,Mated,2,3
51,39,2304,Nonmated,2,3
51,9,2305,Nonmated,1,1
41,18,2306,Mated,3,5
55,51,2307,Nonmated,1,1
55,35,2308,Nonmated,1,1
51,36,2309,Mated,2,3
41,19,2310,Nonmated,2,3
55,34,2311,Mated,2,4
51,11,2312,Nonmated,1,1
55,4,2313,Mated,3,5
41,24,2314,Mated,1,1
41,32,2315,Mated,2,3
51,37,2316,Nonmated,1,1
51,19,2317,Nonmated,2,2
51,15,2318,Nonmated,2,2
51,6,2319,Mated,2,3
51,4,2320,Mated,3,5
51,59,2321,Nonmated,1,1
51,34,2322,Mated,3,5
51,13,2323,Nonmated,2,2
51,41,2324,Nonmated,2,2
51,31,2325,Nonmated,1,1
51,14,2326,Mated,3,5
51,35,2327,Nonmated,1,1
51,24,2328,Mated,2,3
51,58,2329,Mated,3,5
51,42,2330,Mated,3,5
51,50,2331,Mated,2,3
51,54,2332,Mated,3,5
51,25,2333,Nonmated,1,1
51,22,2334,Mated,2,3
51,46,2335,Mated,2,4
55,15,2336,Nonmated,2,3
55,18,2337,Mated,3,5
55,52,2338,Mated,2,3
55,28,2339,Mated,2,3
55,8,2340,Mated,3,5
55,7,2341,Nonmated,2,3
55,24,2342,Mated,2,3
55,36,2343,Mated,2,4
55,46,2344,Mated,2,3
55,30,2345,Mated,2,4
55,9,2346,Nonmated,2,3
55,25,2347,Nonmated,1,1
55,40,2348,Mated,2,3
55,23,2349,Nonmated,2,3
55,1,2350,Nonmated,1,1
55,33,2351,Nonmated,2,3
55,58,2352,Mated,3,5
55,50,2353,Mated,2,3
51,18,2354,Mated,3,5
51,33,2355,Nonmated,2,3
51,26,2356,Mated,2,4
51,17,2357,Nonmated,1,1
51,60,2358,Mated,3,5
51,1,2359,Nonmated,1,1
51,56,2360,Mated,2,3
51,38,2361,Mated,2,3
51,8,2362,Mated,3,5
51,27,2363,Nonmated,2,3
51,30,2364,Mated,3,5
51,7,2365,Nonmated,1,1
51,45,2366,Nonmated,2,3
51,10,2367,Mated,2,3
51,52,2368,Mated,2,4
51,47,2369,Nonmated,1,1
51,5,2370,Nonmated,1,1
55,31,2371,Nonmated,1,1
55,26,2372,Mated,2,3
41,9,2373,Nonmated,2,3
41,8,2374,Mated,3,5
41,42,2375,Mated,3,5
48,10,2376,Mated,2,3
48,30,2377,Mated,3,5
41,14,2378,Mated,2,3
41,54,2379,Mated,3,5
41,17,2380,Nonmated,1,1
48,5,2381,Nonmated,1,1
41,16,2382,Mated,3,5
41,28,2383,Mated,3,5
41,21,2384,Nonmated,2,3
48,25,2385,Nonmated,2,3
41,12,2386,Mated,2,3
41,29,2387,Nonmated,1,1
48,14,2388,Mated,2,3
41,4,2389,Mated,3,5
41,55,2390,Nonmated,1,1
41,11,2391,Nonmated,1,1
41,58,2392,Mated,3,5
41,46,2393,Mated,2,4
41,36,2394,Mated,3,5
48,28,2395,Mated,3,5
41,1,2396,Nonmated,2,3
48,34,2397,Mated,3,5
48,35,2398,Nonmated,1,1
48,15,2399,Nonmated,2,3
48,36,2400,Mated,3,5
48,45,2401,Nonmated,2,2
48,37,2402,Nonmated,1,1
48,32,2403,Mated,3,5
48,33,2404,Nonmated,2,4
48,60,2405,Mated,2,4
55,10,2406,Mated,2,3
55,41,2407,Nonmated,2,3
55,48,2408,Mated,2,3
55,49,2409,Nonmated,2,3
55,60,2410,Mated,2,3
55,12,2411,Mated,2,3
55,17,2412,Nonmated,1,1
55,6,2413,Mated,2,3
55,47,2414,Nonmated,2,3
55,43,2415,Nonmated,1,1
55,39,2416,Nonmated,2,3
55,55,2417,Nonmated,1,1
55,32,2418,Mated,2,3
55,57,2419,Nonmated,1,1
55,14,2420,Mated,2,2
55,59,2421,Nonmated,2,2
55,42,2422,Mated,3,5
55,2,2423,Mated,2,3
55,21,2424,Nonmated,2,3
55,22,2425,Mated,2,3
55,53,2426,Nonmated,2,3
55,27,2427,Nonmated,2,3
55,38,2428,Mated,2,3
55,54,2429,Mated,3,5
55,16,2430,Mated,2,4
55,56,2431,Mated,2,4
55,37,2432,Nonmated,2,3
55,44,2433,Mated,2,3
55,20,2434,Mated,3,5
55,13,2435,Nonmated,2,3
55,19,2436,Nonmated,2,2
55,11,2437,Nonmated,1,1
55,5,2438,Nonmated,2,3
55,29,2439,Nonmated,1,1
55,45,2440,Nonmated,2,3
55,3,2441,Nonmated,1,1
48,8,2442,Mated,3,5
48,11,2443,Nonmated,2,2
48,59,2444,Nonmated,2,2
48,55,2445,Nonmated,1,1
48,40,2446,Mated,3,5
48,21,2447,Nonmated,1,1
48,44,2448,Mated,2,2
48,4,2449,Mated,2,4
48,18,2450,Mated,2,3
48,47,2451,Nonmated,2,3
48,53,2452,Nonmated,2,2
48,50,2453,Mated,2,3
48,6,2454,Mated,2,3
48,9,2455,Nonmated,1,1
48,22,2456,Mated,2,3
48,43,2457,Nonmated,1,1
48,29,2458,Nonmated,1,1
48,39,2459,Nonmated,2,3
48,54,2460,Mated,3,5
37,24,2461,Mated,2,4
37,48,2462,Mated,2,3
37,31,2463,Nonmated,1,1
37,36,2464,Mated,3,5
37,40,2465,Mated,2,4
37,44,2466,Mated,2,2
37,50,2467,Mated,2,4
4,35,2468,Nonmated,1,1
4,42,2469,Mated,3,5
4,20,2470,Mated,3,5
4,8,2471,Mated,3,5
4,40,2472,Mated,3,5
4,47,2473,Nonmated,2,3
4,58,2474,Mated,1,1
4,60,2475,Mated,2,4
4,36,2476,Mated,3,5
4,46,2477,Mated,2,3
4,53,2478,Nonmated,2,3
4,27,2479,Nonmated,2,3
4,49,2480,Nonmated,2,3
37,17,2481,Nonmated,2,4
37,30,2482,Mated,2,4
37,15,2483,Nonmated,1,1
37,60,2484,Mated,2,3
37,19,2485,Nonmated,2,3
37,20,2486,Mated,3,5
37,28,2487,Mated,3,5
16,57,2488,Nonmated,1,1
57,47,2489,Nonmated,2,3
57,8,2490,Mated,3,5
57,23,2491,Nonmated,2,3
57,46,2492,Mated,2,3
57,55,2493,Nonmated,1,1
57,35,2494,Nonmated,1,1
57,26,2495,Mated,2,3
57,15,2496,Nonmated,2,3
57,43,2497,Nonmated,1,1
57,7,2498,Nonmated,2,3
57,48,2499,Mated,2,4
57,22,2500,Mated,2,3
57,27,2501,Nonmated,2,3
57,33,2502,Nonmated,1,1
57,17,2503,Nonmated,1,1
57,6,2504,Mated,2,3
57,58,2505,Mated,3,5
57,12,2506,Mated,2,3
57,53,2507,Nonmated,2,3
57,52,2508,Mated,3,5
57,5,2509,Nonmated,1,1
57,18,2510,Mated,3,5
57,29,2511,Nonmated,1,1
57,41,2512,Nonmated,2,3
57,25,2513,Nonmated,1,1
57,60,2514,Mated,3,5
57,57,2515,Nonmated,1,1
57,28,2516,Mated,2,4
57,39,2517,Nonmated,2,3
57,56,2518,Mated,2,3
57,9,2519,Nonmated,2,2
57,21,2520,Nonmated,2,3
57,36,2521,Mated,3,5
57,38,2522,Mated,2,3
57,51,2523,Nonmated,1,1
57,10,2524,Mated,2,3
57,4,2525,Mated,3,5
57,19,2526,Nonmated,1,1
57,50,2527,Mated,2,3
57,13,2528,Nonmated,2,2
57,49,2529,Nonmated,2,3
57,42,2530,Mated,3,5
57,34,2531,Mated,2,2
57,44,2532,Mated,2,3
57,3,2533,Nonmated,2,2
57,45,2534,Nonmated,2,3
57,20,2535,Mated,3,5
57,14,2536,Mated,1,1
57,16,2537,Mated,3,5
57,31,2538,Nonmated,2,3
57,40,2539,Mated,2,2
57,1,2540,Nonmated,2,2
57,32,2541,Mated,2,3
57,2,2542,Mated,2,3
57,54,2543,Mated,3,5
57,37,2544,Nonmated,2,3
57,59,2545,Nonmated,2,2
57,11,2546,Nonmated,1,1
57,30,2547,Mated,3,5
57,24,2548,Mated,2,3
10,51,2549,Nonmated,1,1
10,22,2550,Mated,2,3
44,42,2551,Mated,3,5
44,6,2552,Mated,2,3
44,50,2553,Mated,1,1
44,21,2554,Nonmated,2,3
44,43,2555,Nonmated,1,1
10,58,2556,Mated,3,5
10,30,2557,Mated,3,5
10,37,2558,Nonmated,1,1
10,56,2559,Mated,2,3
10,1,2560,Nonmated,1,1
10,14,2561,Mated,3,5
56,36,2562,Mated,3,5
56,16,2563,Mated,2,3
56,56,2564,Mated,2,3
56,22,2565,Mated,2,3
56,33,2566,Nonmated,2,3
56,51,2567,Nonmated,1,1
56,6,2568,Mated,2,3
56,17,2569,Nonmated,1,1
56,44,2570,Mated,2,2
56,5,2571,Nonmated,1,1
56,49,2572,Nonmated,2,3
56,25,2573,Nonmated,2,3
56,39,2574,Nonmated,2,3
8,26,2575,Mated,1,1
8,51,2576,Nonmated,1,1
8,27,2577,Nonmated,2,3
8,40,2578,Mated,2,4
8,22,2579,Mated,2,3
56,13,2580,Nonmated,2,2
8,5,2581,Nonmated,2,2
56,45,2582,Nonmated,1,1
56,9,2583,Nonmated,2,3
56,27,2584,Nonmated,2,3
56,26,2585,Mated,2,4
8,18,2586,Mated,3,5
8,30,2587,Mated,3,5
8,42,2588,Mated,2,2
8,46,2589,Mated,2,3
8,60,2590,Mated,1,1
56,14,2591,Mated,1,1
8,8,2592,Mated,3,5
8,43,2593,Nonmated,1,1
8,52,2594,Mated,3,5
8,59,2595,Nonmated,1,1
56,59,2596,Nonmated,2,2
8,58,2597,Mated,3,5
8,6,2598,Mated,2,3
8,29,2599,Nonmated,1,1
56,41,2600,Nonmated,2,3
56,23,2601,Nonmated,2,3
56,40,2602,Mated,3,5
56,50,2603,Mated,2,3
56,30,2604,Mated,3,5
56,60,2605,Mated,1,1
56,46,2606,Mated,2,4
37,45,2607,Nonmated,1,1
56,15,2608,Nonmated,2,3
56,18,2609,Mated,3,5
56,20,2610,Mated,3,5
37,23,2611,Nonmated,2,3
37,54,2612,Mated,3,5
56,34,2613,Mated,2,3
56,2,2614,Mated,2,2
56,29,2615,Nonmated,1,1
56,1,2616,Nonmated,2,2
56,43,2617,Nonmated,1,1
56,54,2618,Mated,2,2
56,53,2619,Nonmated,2,3
56,10,2620,Mated,2,3
56,11,2621,Nonmated,1,1
56,57,2622,Nonmated,1,1
56,58,2623,Mated,3,5
56,4,2624,Mated,3,5
56,32,2625,Mated,2,3
56,55,2626,Nonmated,1,1
56,28,2627,Mated,2,3
56,52,2628,Mated,3,5
56,47,2629,Nonmated,2,3
56,24,2630,Mated,2,3
56,31,2631,Nonmated,2,3
56,21,2632,Nonmated,2,3
56,19,2633,Nonmated,2,3
56,7,2634,Nonmated,1,1
56,37,2635,Nonmated,2,2
56,8,2636,Mated,3,5
56,42,2637,Mated,3,5
56,12,2638,Mated,2,3
56,35,2639,Nonmated,1,1
56,48,2640,Mated,2,3
56,38,2641,Mated,2,3
56,3,2642,Nonmated,2,3
18,23,2643,Nonmated,2,3
18,57,2644,Nonmated,1,1
18,14,2645,Mated,1,1
18,42,2646,Mated,3,5
18,45,2647,Nonmated,1,1
18,13,2648,Nonmated,1,1
18,16,2649,Mated,3,5
18,36,2650,Mated,3,5
18,52,2651,Mated,3,5
18,12,2652,Mated,3,5
18,9,2653,Nonmated,2,3
18,19,2654,Nonmated,1,1
18,54,2655,Mated,3,5
18,3,2656,Nonmated,1,1
18,6,2657,Mated,2,3
18,58,2658,Mated,3,5
18,28,2659,Mated,3,5
18,53,2660,Nonmated,1,1
18,37,2661,Nonmated,1,1
18,26,2662,Mated,2,2
36,55,2663,Nonmated,1,1
36,43,2664,Nonmated,1,1
36,14,2665,Mated,2,3
36,27,2666,Nonmated,2,3
36,32,2667,Mated,2,2
36,33,2668,Nonmated,2,3
36,2,2669,Mated,2,2
36,56,2670,Mated,2,2
36,12,2671,Mated,2,4
36,34,2672,Mated,2,2
36,3,2673,Nonmated,1,1
36,7,2674,Nonmated,2,3
36,49,2675,Nonmated,1,1
36,44,2676,Mated,3,5
36,24,2677,Mated,2,3
40,19,2678,Nonmated,1,1
40,29,2679,Nonmated,1,1
40,32,2680,Mated,3,5
40,18,2681,Mated,3,5
40,40,2682,Mated,3,5
40,17,2683,Nonmated,1,1
40,21,2684,Nonmated,2,3
40,53,2685,Nonmated,1,1
40,14,2686,Mated,3,5
40,33,2687,Nonmated,2,3
40,27,2688,Nonmated,2,3
40,8,2689,Mated,3,5
40,48,2690,Mated,2,3
40,57,2691,Nonmated,1,1
40,10,2692,Mated,2,3
40,42,2693,Mated,3,5
40,25,2694,Nonmated,1,1
40,45,2695,Nonmated,2,3
40,26,2696,Mated,2,3
40,51,2697,Nonmated,1,1
40,22,2698,Mated,2,3
40,4,2699,Mated,3,5
40,15,2700,Nonmated,2,3
40,55,2701,Nonmated,1,1
40,12,2702,Mated,2,3
40,35,2703,Nonmated,1,1
40,60,2704,Mated,3,5
40,49,2705,Nonmated,1,1
40,46,2706,Mated,2,4
40,11,2707,Nonmated,1,1
40,41,2708,Nonmated,2,3
40,50,2709,Mated,2,3
40,23,2710,Nonmated,1,1
40,37,2711,Nonmated,1,1
40,1,2712,Nonmated,2,2
40,34,2713,Mated,3,5
40,59,2714,Nonmated,1,1
40,2,2715,Mated,2,4
40,30,2716,Mated,3,5
40,5,2717,Nonmated,1,1
40,6,2718,Mated,2,3
37,9,2719,Nonmated,1,1
37,18,2720,Mated,3,5
37,6,2721,Mated,2,3
37,34,2722,Mated,2,3
37,22,2723,Mated,2,3
37,57,2724,Nonmated,1,1
37,51,2725,Nonmated,1,1
25,35,2726,Nonmated,1,1
25,27,2727,Nonmated,2,3
25,25,2728,Nonmated,2,2
25,15,2729,Nonmated,2,3
25,48,2730,Mated,3,5
25,28,2731,Mated,3,5
36,21,2732,Nonmated,2,2
36,59,2733,Nonmated,3,5
36,47,2734,Nonmated,2,2
36,29,2735,Nonmated,1,1
36,13,2736,Nonmated,2,3
36,10,2737,Mated,2,3
36,57,2738,Nonmated,1,1
36,40,2739,Mated,2,3
36,5,2740,Nonmated,3,5
40,3,2741,Nonmated,1,1
40,16,2742,Mated,3,5
40,9,2743,Nonmated,2,3
40,24,2744,Mated,2,3
40,43,2745,Nonmated,1,1
40,13,2746,Nonmated,2,3
40,31,2747,Nonmated,2,3
40,38,2748,Mated,2,3
40,39,2749,Nonmated,2,3
40,54,2750,Mated,3,5
40,36,2751,Mated,3,5
40,20,2752,Mated,3,5
40,56,2753,Mated,2,3
40,28,2754,Mated,3,5
40,7,2755,Nonmated,2,3
40,47,2756,Nonmated,2,3
40,58,2757,Mated,3,5
40,52,2758,Mated,3,5
40,44,2759,Mated,2,4
18,31,2760,Nonmated,1,1
18,18,2761,Mated,3,5
18,29,2762,Nonmated,1,1
18,2,2763,Mated,2,3
18,38,2764,Mated,2,3
18,40,2765,Mated,1,1
18,8,2766,Mated,3,5
18,20,2767,Mated,3,5
18,49,2768,Nonmated,1,1
18,41,2769,Nonmated,1,1
18,15,2770,Nonmated,1,1
18,4,2771,Mated,3,5
36,19,2772,Nonmated,2,3
36,58,2773,Mated,2,2
36,23,2774,Nonmated,2,3
36,25,2775,Nonmated,2,4
36,26,2776,Mated,2,3
36,16,2777,Mated,2,3
36,15,2778,Nonmated,2,3
36,52,2779,Mated,2,2
36,37,2780,Nonmated,2,3
36,54,2781,Mated,2,3
10,5,2782,Nonmated,1,1
10,33,2783,Nonmated,2,3
10,42,2784,Mated,3,5
10,57,2785,Nonmated,1,1
10,4,2786,Mated,3,5
10,46,2787,Mated,3,5
10,60,2788,Mated,2,3
10,21,2789,Nonmated,2,3
10,28,2790,Mated,3,5
10,48,2791,Mated,3,5
10,11,2792,Nonmated,1,1
10,18,2793,Mated,3,5
10,15,2794,Nonmated,2,3
10,29,2795,Nonmated,1,1
10,49,2796,Nonmated,1,1
10,36,2797,Mated,3,5
10,59,2798,Nonmated,1,1
10,50,2799,Mated,2,3
10,17,2800,Nonmated,1,1
10,13,2801,Nonmated,2,3
10,24,2802,Mated,2,3
10,53,2803,Nonmated,1,1
10,44,2804,Mated,2,3
10,12,2805,Mated,3,5
10,31,2806,Nonmated,2,3
10,20,2807,Mated,3,5
10,19,2808,Nonmated,1,1
10,3,2809,Nonmated,1,1
10,38,2810,Mated,2,3
10,32,2811,Mated,3,5
10,9,2812,Nonmated,1,1
10,43,2813,Nonmated,1,1
10,27,2814,Nonmated,2,3
10,23,2815,Nonmated,2,2
10,39,2816,Nonmated,2,3
10,26,2817,Mated,3,5
10,2,2818,Mated,2,3
10,34,2819,Mated,3,5
10,16,2820,Mated,3,5
10,35,2821,Nonmated,1,1
10,52,2822,Mated,3,5
10,6,2823,Mated,2,4
10,45,2824,Nonmated,2,3
10,8,2825,Mated,3,5
10,10,2826,Mated,2,3
10,41,2827,Nonmated,1,1
10,54,2828,Mated,3,5
10,55,2829,Nonmated,1,1
10,40,2830,Mated,3,5
10,47,2831,Nonmated,2,3
10,7,2832,Nonmated,2,2
10,25,2833,Nonmated,2,3
4,57,2834,Nonmated,1,1
4,29,2835,Nonmated,1,1
4,30,2836,Mated,3,5
4,10,2837,Mated,2,3
4,24,2838,Mated,2,3
4,13,2839,Nonmated,2,3
4,39,2840,Nonmated,2,3
4,51,2841,Nonmated,1,1
4,50,2842,Mated,2,3
4,31,2843,Nonmated,2,3
4,7,2844,Nonmated,2,3
4,17,2845,Nonmated,2,3
4,16,2846,Mated,3,5
4,55,2847,Nonmated,1,1
4,14,2848,Mated,2,3
4,37,2849,Nonmated,2,3
4,59,2850,Nonmated,2,2
4,23,2851,Nonmated,2,2
4,4,2852,Mated,3,5
4,54,2853,Mated,2,3
4,15,2854,Nonmated,2,3
4,22,2855,Mated,2,3
4,33,2856,Nonmated,2,3
4,48,2857,Mated,2,4
4,19,2858,Nonmated,2,2
4,44,2859,Mated,2,4
4,18,2860,Mated,3,5
4,3,2861,Nonmated,2,3
4,12,2862,Mated,2,3
4,21,2863,Nonmated,2,3
4,56,2864,Mated,2,3
4,45,2865,Nonmated,2,3
4,38,2866,Mated,2,3
4,25,2867,Nonmated,2,3
4,1,2868,Nonmated,2,3
4,5,2869,Nonmated,2,3
4,41,2870,Nonmated,2,3
4,2,2871,Mated,2,3
4,52,2872,Mated,3,5
4,9,2873,Nonmated,2,3
4,26,2874,Mated,2,3
4,28,2875,Mated,3,5
4,32,2876,Mated,2,3
4,6,2877,Mated,2,3
4,43,2878,Nonmated,1,1
4,34,2879,Mated,2,3
4,11,2880,Nonmated,2,3
15,22,2881,Mated,2,3
15,32,2882,Mated,2,4
15,24,2883,Mated,2,3
15,48,2884,Mated,2,3
15,38,2885,Mated,2,3
15,59,2886,Nonmated,1,1
15,56,2887,Mated,2,4
15,16,2888,Mated,2,4
15,29,2889,Nonmated,1,1
15,36,2890,Mated,3,5
15,14,2891,Mated,2,2
15,5,2892,Nonmated,1,1
15,44,2893,Mated,2,3
15,51,2894,Nonmated,1,1
15,57,2895,Nonmated,1,1
15,34,2896,Mated,2,3
15,18,2897,Mated,3,5
15,9,2898,Nonmated,2,3
15,23,2899,Nonmated,2,3
15,35,2900,Nonmated,1,1
15,11,2901,Nonmated,2,3
15,37,2902,Nonmated,2,3
15,13,2903,Nonmated,2,3
15,26,2904,Mated,2,4
15,33,2905,Nonmated,2,3
15,28,2906,Mated,2,3
15,60,2907,Mated,2,3
15,55,2908,Nonmated,1,1
15,41,2909,Nonmated,2,3
15,58,2910,Mated,3,5
15,40,2911,Mated,2,3
15,8,2912,Mated,2,4
15,4,2913,Mated,2,3
45,11,2914,Nonmated,1,1
45,20,2915,Mated,3,5
45,9,2916,Nonmated,1,1
45,14,2917,Mated,2,4
45,27,2918,Nonmated,2,3
45,56,2919,Mated,2,3
45,33,2920,Nonmated,2,3
45,55,2921,Nonmated,1,1
45,48,2922,Mated,2,3
45,37,2923,Nonmated,2,3
45,10,2924,Mated,2,3
45,54,2925,Mated,2,3
45,29,2926,Nonmated,1,1
45,60,2927,Mated,2,3
45,4,2928,Mated,2,4
45,28,2929,Mated,3,5
45,24,2930,Mated,2,3
45,32,2931,Mated,2,3
45,45,2932,Nonmated,2,3
45,18,2933,Mated,3,5
45,58,2934,Mated,3,5
45,50,2935,Mated,2,3
45,2,2936,Mated,2,3
15,31,2937,Nonmated,2,2
15,27,2938,Nonmated,2,3
15,6,2939,Mated,2,3
15,46,2940,Mated,2,4
15,12,2941,Mated,2,2
15,45,2942,Nonmated,2,2
15,20,2943,Mated,3,5
15,42,2944,Mated,1,1
15,39,2945,Nonmated,2,3
15,3,2946,Nonmated,1,1
15,10,2947,Mated,2,3
15,19,2948,Nonmated,1,1
15,53,2949,Nonmated,2,2
15,2,2950,Mated,2,3
15,17,2951,Nonmated,2,2
15,21,2952,Nonmated,2,3
15,49,2953,Nonmated,2,3
15,7,2954,Nonmated,2,2
15,15,2955,Nonmated,2,3
15,43,2956,Nonmated,1,1
15,1,2957,Nonmated,2,2
15,47,2958,Nonmated,2,2
15,52,2959,Mated,3,5
15,25,2960,Nonmated,2,3
15,30,2961,Mated,2,4
15,50,2962,Mated,2,3
15,54,2963,Mated,2,3
7,20,2964,Mated,3,5
7,56,2965,Mated,2,3
7,13,2966,Nonmated,2,3
7,9,2967,Nonmated,2,2
7,60,2968,Mated,2,3
7,41,2969,Nonmated,1,1
7,29,2970,Nonmated,1,1
7,39,2971,Nonmated,2,3
7,22,2972,Mated,2,3
7,28,2973,Mated,3,5
7,49,2974,Nonmated,2,3
7,7,2975,Nonmated,2,3
7,46,2976,Mated,2,4
7,5,2977,Nonmated,1,1
7,50,2978,Mated,2,3
7,33,2979,Nonmated,2,3
7,21,2980,Nonmated,2,3
7,34,2981,Mated,3,5
7,43,2982,Nonmated,1,1
7,19,2983,Nonmated,2,2
7,38,2984,Mated,2,3
7,51,2985,Nonmated,1,1
7,10,2986,Mated,2,3
7,27,2987,Nonmated,2,3
7,36,2988,Mated,3,5
7,15,2989,Nonmated,2,3
7,47,2990,Nonmated,2,3
7,12,2991,Mated,2,2
7,24,2992,Mated,2,4
7,30,2993,Mated,3,5
7,59,2994,Nonmated,1,1
7,17,2995,Nonmated,1,1
7,48,2996,Mated,2,4
7,3,2997,Nonmated,1,1
7,32,2998,Mated,3,5
7,26,2999,Mated,2,3
7,45,3000,Nonmated,2,3
7,54,3001,Mated,3,5
7,11,3002,Nonmated,1,1
7,4,3003,Mated,3,5
7,57,3004,Nonmated,1,1
7,16,3005,Mated,3,5
7,18,3006,Mated,3,5
25,33,3007,Nonmated,2,3
25,50,3008,Mated,2,3
25,36,3009,Mated,3,5
25,47,3010,Nonmated,2,3
25,23,3011,Nonmated,2,3
25,53,3012,Nonmated,2,3
25,56,3013,Mated,2,3
25,5,3014,Nonmated,2,3
25,9,3015,Nonmated,2,3
8,41,3016,Nonmated,2,3
8,9,3017,Nonmated,2,3
8,31,3018,Nonmated,1,1
8,17,3019,Nonmated,2,2
8,11,3020,Nonmated,1,1
8,12,3021,Mated,2,3
8,33,3022,Nonmated,2,3
8,20,3023,Mated,3,5
8,21,3024,Nonmated,2,3
8,38,3025,Mated,2,3
8,13,3026,Nonmated,2,3
8,53,3027,Nonmated,2,4
8,49,3028,Nonmated,2,2
8,23,3029,Nonmated,2,2
8,4,3030,Mated,3,5
8,44,3031,Mated,2,3
8,2,3032,Mated,1,1
8,15,3033,Nonmated,2,3
8,7,3034,Nonmated,2,3
25,2,3035,Mated,2,3
25,38,3036,Mated,2,3
25,44,3037,Mated,2,3
25,51,3038,Nonmated,1,1
25,6,3039,Mated,2,3
25,58,3040,Mated,3,5
25,49,3041,Nonmated,2,3
25,20,3042,Mated,3,5
25,39,3043,Nonmated,2,3
25,43,3044,Nonmated,1,1
25,52,3045,Mated,3,5
5,33,3046,Nonmated,2,3
29,53,3047,Nonmated,2,3
29,18,3048,Mated,3,5
29,28,3049,Mated,3,5
29,49,3050,Nonmated,1,1
5,34,3051,Mated,3,5
5,13,3052,Nonmated,2,2
5,22,3053,Mated,2,3
5,55,3054,Nonmated,1,1
5,30,3055,Mated,3,5
5,47,3056,Nonmated,2,4
5,56,3057,Mated,2,3
5,54,3058,Mated,3,5
5,45,3059,Nonmated,2,3
5,28,3060,Mated,3,5
5,58,3061,Mated,3,5
5,60,3062,Mated,2,3
29,35,3063,Nonmated,1,1
29,44,3064,Mated,2,2
5,41,3065,Nonmated,1,1
5,20,3066,Mated,3,5
5,44,3067,Mated,3,5
5,50,3068,Mated,2,3
5,51,3069,Nonmated,1,1
5,18,3070,Mated,3,5
5,8,3071,Mated,3,5
5,9,3072,Nonmated,1,1
29,16,3073,Mated,3,5
29,7,3074,Nonmated,2,3
5,37,3075,Nonmated,2,3
29,52,3076,Mated,2,3
5,4,3077,Mated,3,5
5,32,3078,Mated,2,4
5,23,3079,Nonmated,2,3
5,24,3080,Mated,2,4
5,25,3081,Nonmated,2,2
5,31,3082,Nonmated,1,1
29,19,3083,Nonmated,2,3
5,57,3084,Nonmated,1,1
29,48,3085,Mated,2,3
5,40,3086,Mated,2,3
29,57,3087,Nonmated,1,1
5,7,3088,Nonmated,1,1
29,15,3089,Nonmated,2,3
29,51,3090,Nonmated,1,1
5,48,3091,Mated,2,3
5,43,3092,Nonmated,1,1
5,15,3093,Nonmated,2,3
5,26,3094,Mated,2,4
5,36,3095,Mated,3,5
5,38,3096,Mated,2,3
5,1,3097,Nonmated,2,3
5,2,3098,Mated,2,3
5,29,3099,Nonmated,1,1
29,11,3100,Nonmated,1,1
29,32,3101,Mated,2,2
29,46,3102,Mated,2,3
29,54,3103,Mated,3,5
29,39,3104,Nonmated,2,3
29,36,3105,Mated,3,5
29,50,3106,Mated,2,3
29,12,3107,Mated,2,3
29,20,3108,Mated,3,5
29,59,3109,Nonmated,2,2
29,26,3110,Mated,2,4
29,5,3111,Nonmated,2,2
29,17,3112,Nonmated,1,1
29,9,3113,Nonmated,2,2
29,30,3114,Mated,3,5
29,3,3115,Nonmated,1,1
29,60,3116,Mated,3,5
29,56,3117,Mated,2,3
29,21,3118,Nonmated,2,3
29,43,3119,Nonmated,1,1
29,47,3120,Nonmated,2,3
29,25,3121,Nonmated,2,2
29,13,3122,Nonmated,2,2
29,14,3123,Mated,3,5
29,27,3124,Nonmated,2,3
29,33,3125,Nonmated,2,2
29,8,3126,Mated,3,5
29,29,3127,Nonmated,1,1
29,4,3128,Mated,3,5
29,37,3129,Nonmated,2,3
29,22,3130,Mated,2,3
29,34,3131,Mated,2,2
29,24,3132,Mated,2,3
29,42,3133,Mated,3,5
29,31,3134,Nonmated,2,3
29,6,3135,Mated,2,3
29,1,3136,Nonmated,2,2
29,38,3137,Mated,2,3
29,45,3138,Nonmated,2,2
29,40,3139,Mated,2,3
29,23,3140,Nonmated,2,3
29,10,3141,Mated,2,2
29,58,3142,Mated,2,4
29,41,3143,Nonmated,1,1
29,2,3144,Mated,2,4
36,9,3145,Nonmated,1,1
36,30,3146,Mated,3,5
36,18,3147,Mated,3,5
36,22,3148,Mated,2,3
36,48,3149,Mated,2,4
36,36,3150,Mated,2,2
36,17,3151,Nonmated,1,1
36,53,3152,Nonmated,1,1
36,20,3153,Mated,3,5
36,41,3154,Nonmated,2,3
36,4,3155,Mated,2,3
36,35,3156,Nonmated,1,1
36,51,3157,Nonmated,1,1
36,42,3158,Mated,1,1
36,50,3159,Mated,2,3
36,46,3160,Mated,3,5
36,11,3161,Nonmated,1,1
36,28,3162,Mated,2,4
36,45,3163,Nonmated,2,2
36,6,3164,Mated,1,1
36,60,3165,Mated,3,5
36,39,3166,Nonmated,2,3
36,8,3167,Mated,3,5
36,31,3168,Nonmated,2,2
36,38,3169,Mated,2,3
36,1,3170,Nonmated,2,3
2,6,3171,Mated,2,4
58,16,3172,Mated,3,5
58,44,3173,Mated,2,3
58,29,3174,Nonmated,1,1
58,8,3175,Mated,3,5
58,52,3176,Mated,3,5
58,22,3177,Mated,2,3
58,25,3178,Nonmated,1,1
58,2,3179,Mated,1,1
58,10,3180,Mated,2,3
58,26,3181,Mated,2,2
58,17,3182,Nonmated,1,1
58,18,3183,Mated,3,5
58,27,3184,Nonmated,2,3
58,31,3185,Nonmated,1,1
58,15,3186,Nonmated,2,2
58,46,3187,Mated,2,4
58,39,3188,Nonmated,2,3
58,36,3189,Mated,3,5
58,4,3190,Mated,3,5
58,53,3191,Nonmated,2,2
58,32,3192,Mated,3,5
58,7,3193,Nonmated,2,3
58,30,3194,Mated,3,5
58,47,3195,Nonmated,2,3
58,56,3196,Mated,1,1
58,3,3197,Nonmated,1,1
58,60,3198,Mated,2,4
58,49,3199,Nonmated,1,1
58,55,3200,Nonmated,1,1
58,58,3201,Mated,3,5
58,6,3202,Mated,2,3
58,11,3203,Nonmated,1,1
58,28,3204,Mated,2,4
58,40,3205,Mated,2,4
58,43,3206,Nonmated,1,1
58,48,3207,Mated,2,3
58,5,3208,Nonmated,2,2
58,59,3209,Nonmated,2,3
58,19,3210,Nonmated,2,3
58,41,3211,Nonmated,1,1
58,37,3212,Nonmated,1,1
58,24,3213,Mated,2,2
58,1,3214,Nonmated,2,2
58,13,3215,Nonmated,2,2
58,51,3216,Nonmated,1,1
58,12,3217,Mated,2,3
58,20,3218,Mated,3,5
58,50,3219,Mated,2,3
58,42,3220,Mated,3,5
58,33,3221,Nonmated,2,4
58,23,3222,Nonmated,2,3
58,57,3223,Nonmated,1,1
58,38,3224,Mated,2,3
58,21,3225,Nonmated,2,3
58,9,3226,Nonmated,2,2
58,14,3227,Mated,1,1
58,35,3228,Nonmated,1,1
58,54,3229,Mated,2,3
58,34,3230,Mated,2,3
58,45,3231,Nonmated,2,3
59,33,3232,Nonmated,2,3
59,20,3233,Mated,3,5
59,43,3234,Nonmated,1,1
59,7,3235,Nonmated,2,2
59,19,3236,Nonmated,2,2
59,13,3237,Nonmated,2,2
59,38,3238,Mated,2,3
59,56,3239,Mated,2,2
59,46,3240,Mated,2,2
59,18,3241,Mated,3,5
59,17,3242,Nonmated,2,3
59,48,3243,Mated,2,3
59,53,3244,Nonmated,1,1
59,27,3245,Nonmated,1,1
59,24,3246,Mated,2,3
59,36,3247,Mated,2,3
59,9,3248,Nonmated,1,1
59,44,3249,Mated,2,3
59,47,3250,Nonmated,2,2
59,34,3251,Mated,2,3
59,40,3252,Mated,2,3
59,8,3253,Mated,2,4
59,5,3254,Nonmated,2,3
59,57,3255,Nonmated,1,1
59,37,3256,Nonmated,1,1
59,10,3257,Mated,1,1
59,4,3258,Mated,2,3
59,41,3259,Nonmated,1,1
59,32,3260,Mated,2,3
59,23,3261,Nonmated,2,3
59,6,3262,Mated,2,4
59,31,3263,Nonmated,2,3
59,11,3264,Nonmated,2,3
59,30,3265,Mated,3,5
59,60,3266,Mated,2,3
59,51,3267,Nonmated,1,1
59,21,3268,Nonmated,2,3
59,26,3269,Mated,2,3
59,49,3270,Nonmated,1,1
59,3,3271,Nonmated,1,1
59,29,3272,Nonmated,1,1
59,22,3273,Mated,2,2
59,28,3274,Mated,2,3
59,16,3275,Mated,3,5
59,45,3276,Nonmated,2,3
59,1,3277,Nonmated,2,2
59,42,3278,Mated,3,5
59,2,3279,Mated,1,1
59,14,3280,Mated,2,3
59,55,3281,Nonmated,1,1
59,25,3282,Nonmated,2,3
59,15,3283,Nonmated,2,3
59,39,3284,Nonmated,2,3
59,52,3285,Mated,2,4
59,58,3286,Mated,2,2
59,59,3287,Nonmated,1,1
59,12,3288,Mated,2,3
59,35,3289,Nonmated,1,1
59,50,3290,Mated,1,1
59,54,3291,Mated,3,5
63,7,3292,Nonmated,2,3
63,60,3293,Mated,2,3
63,51,3294,Nonmated,1,1
63,24,3295,Mated,2,3
63,8,3296,Mated,3,5
63,38,3297,Mated,2,3
63,23,3298,Nonmated,2,3
63,15,3299,Nonmated,2,3
63,45,3300,Nonmated,2,3
63,14,3301,Mated,2,3
63,41,3302,Nonmated,2,3
62,46,3303,Mated,2,3
62,15,3304,Nonmated,2,3
62,39,3305,Nonmated,2,3
62,31,3306,Nonmated,2,3
62,45,3307,Nonmated,1,1
62,38,3308,Mated,2,2
62,35,3309,Nonmated,1,1
62,20,3310,Mated,3,5
62,34,3311,Mated,3,5
62,58,3312,Mated,3,5
62,30,3313,Mated,3,5
62,37,3314,Nonmated,2,3
62,17,3315,Nonmated,2,3
62,48,3316,Mated,2,4
62,60,3317,Mated,2,3
62,16,3318,Mated,2,3
62,53,3319,Nonmated,2,2
62,21,3320,Nonmated,2,3
62,10,3321,Mated,2,3
62,8,3322,Mated,3,5
62,18,3323,Mated,3,5
62,49,3324,Nonmated,2,3
62,2,3325,Mated,1,1
62,36,3326,Mated,3,5
62,4,3327,Mated,3,5
62,50,3328,Mated,2,3
62,33,3329,Nonmated,2,3
62,11,3330,Nonmated,1,1
62,55,3331,Nonmated,1,1
62,13,3332,Nonmated,1,1
62,14,3333,Mated,3,5
62,1,3334,Nonmated,2,2
62,40,3335,Mated,2,3
62,52,3336,Mated,3,5
62,56,3337,Mated,1,1
62,27,3338,Nonmated,2,2
66,20,3339,Mated,3,5
66,27,3340,Nonmated,2,3
66,45,3341,Nonmated,2,3
66,37,3342,Nonmated,2,3
66,32,3343,Mated,3,5
66,22,3344,Mated,2,3
70,39,3345,Nonmated,2,3
70,49,3346,Nonmated,2,2
66,28,3347,Mated,3,5
66,7,3348,Nonmated,2,3
66,8,3349,Mated,3,5
70,14,3350,Mated,3,5
66,30,3351,Mated,3,5
70,26,3352,Mated,2,3
70,33,3353,Nonmated,2,2
70,31,3354,Nonmated,2,3
70,13,3355,Nonmated,2,3
70,56,3356,Mated,2,3
70,15,3357,Nonmated,2,3
70,44,3358,Mated,2,4
70,58,3359,Mated,3,5
70,12,3360,Mated,2,3
70,52,3361,Mated,3,5
70,6,3362,Mated,2,3
70,30,3363,Mated,3,5
68,60,3364,Mated,3,5
68,44,3365,Mated,3,5
68,43,3366,Nonmated,1,1
68,13,3367,Nonmated,1,1
68,55,3368,Nonmated,1,1
68,33,3369,Nonmated,2,3
68,8,3370,Mated,3,5
68,7,3371,Nonmated,2,3
68,30,3372,Mated,3,5
68,19,3373,Nonmated,1,1
68,48,3374,Mated,2,3
68,41,3375,Nonmated,1,1
68,26,3376,Mated,1,1
68,54,3377,Mated,3,5
68,22,3378,Mated,2,3
68,56,3379,Mated,2,2
65,41,3380,Nonmated,1,1
68,20,3381,Mated,3,5
68,29,3382,Nonmated,1,1
68,17,3383,Nonmated,2,4
68,53,3384,Nonmated,1,1
68,6,3385,Mated,2,4
68,1,3386,Nonmated,2,3
68,35,3387,Nonmated,1,1
68,51,3388,Nonmated,1,1
68,3,3389,Nonmated,1,1
68,4,3390,Mated,3,5
68,27,3391,Nonmated,2,3
68,14,3392,Mated,3,5
68,32,3393,Mated,3,5
68,12,3394,Mated,2,3
68,2,3395,Mated,2,3
68,49,3396,Nonmated,1,1
68,28,3397,Mated,3,5
68,23,3398,Nonmated,2,2
68,40,3399,Mated,2,4
68,39,3400,Nonmated,2,3
68,11,3401,Nonmated,1,1
68,42,3402,Mated,3,5
68,36,3403,Mated,3,5
66,18,3404,Mated,3,5
68,16,3405,Mated,3,5
68,57,3406,Nonmated,1,1
68,47,3407,Nonmated,2,3
68,24,3408,Mated,2,3
68,10,3409,Mated,2,3
68,37,3410,Nonmated,2,3
68,5,3411,Nonmated,2,2
66,58,3412,Mated,2,3
66,44,3413,Mated,2,3
68,34,3414,Mated,2,4
66,23,3415,Nonmated,2,3
68,21,3416,Nonmated,2,2
68,9,3417,Nonmated,1,1
68,45,3418,Nonmated,2,3
68,52,3419,Mated,3,5
68,25,3420,Nonmated,1,1
68,18,3421,Mated,3,5
66,36,3422,Mated,2,3
68,15,3423,Nonmated,2,3
64,45,3424,Nonmated,1,1
66,47,3425,Nonmated,2,2
68,50,3426,Mated,2,2
66,3,3427,Nonmated,2,3
64,58,3428,Mated,3,5
64,29,3429,Nonmated,1,1
68,58,3430,Mated,3,5
66,10,3431,Mated,2,3
68,38,3432,Mated,2,3
64,50,3433,Mated,2,3
66,24,3434,Mated,2,3
68,31,3435,Nonmated,1,1
64,7,3436,Nonmated,2,3
68,46,3437,Mated,2,3
64,41,3438,Nonmated,1,1
68,59,3439,Nonmated,1,1
66,59,3440,Nonmated,2,2
66,51,3441,Nonmated,1,1
64,31,3442,Nonmated,2,3
64,37,3443,Nonmated,1,1
64,6,3444,Mated,2,3
64,18,3445,Mated,3,5
64,48,3446,Mated,2,4
64,30,3447,Mated,3,5
64,25,3448,Nonmated,1,1
64,12,3449,Mated,2,2
64,35,3450,Nonmated,1,1
64,38,3451,Mated,2,2
64,40,3452,Mated,1,1
64,46,3453,Mated,2,4
64,5,3454,Nonmated,1,1
64,10,3455,Mated,2,3
64,60,3456,Mated,2,3
64,43,3457,Nonmated,1,1
64,28,3458,Mated,2,3
64,19,3459,Nonmated,2,3
64,55,3460,Nonmated,1,1
64,1,3461,Nonmated,1,1
64,52,3462,Mated,2,3
64,2,3463,Mated,2,3
64,49,3464,Nonmated,1,1
64,44,3465,Mated,3,5
64,54,3466,Mated,3,5
64,24,3467,Mated,1,1
64,42,3468,Mated,3,5
64,27,3469,Nonmated,2,3
64,23,3470,Nonmated,1,1
64,33,3471,Nonmated,2,3
64,11,3472,Nonmated,1,1
64,3,3473,Nonmated,2,2
64,39,3474,Nonmated,2,3
64,36,3475,Mated,3,5
64,16,3476,Mated,3,5
64,34,3477,Mated,3,5
64,17,3478,Nonmated,1,1
64,51,3479,Nonmated,1,1
64,59,3480,Nonmated,2,2
64,13,3481,Nonmated,2,3
64,47,3482,Nonmated,2,2
64,20,3483,Mated,3,5
64,14,3484,Mated,3,5
64,32,3485,Mated,2,3
64,56,3486,Mated,2,3
64,15,3487,Nonmated,2,3
64,9,3488,Nonmated,1,1
64,4,3489,Mated,3,5
64,53,3490,Nonmated,2,2
64,57,3491,Nonmated,1,1
64,22,3492,Mated,2,3
64,8,3493,Mated,3,5
64,21,3494,Nonmated,2,3
64,26,3495,Mated,2,3
67,29,3496,Nonmated,1,1
67,2,3497,Mated,2,3
67,9,3498,Nonmated,2,3
67,57,3499,Nonmated,1,1
67,45,3500,Nonmated,2,3
67,17,3501,Nonmated,2,2
67,5,3502,Nonmated,2,3
67,56,3503,Mated,2,3
67,49,3504,Nonmated,2,3
67,44,3505,Mated,2,3
67,30,3506,Mated,3,5
67,42,3507,Mated,3,5
67,48,3508,Mated,2,3
67,16,3509,Mated,2,3
67,52,3510,Mated,1,1
67,59,3511,Nonmated,2,3
67,26,3512,Mated,2,3
67,25,3513,Nonmated,2,3
67,35,3514,Nonmated,1,1
67,60,3515,Mated,3,5
67,53,3516,Nonmated,1,1
67,47,3517,Nonmated,2,3
67,24,3518,Mated,2,3
67,13,3519,Nonmated,2,3
67,20,3520,Mated,3,5
67,43,3521,Nonmated,1,1
67,1,3522,Nonmated,2,3
67,39,3523,Nonmated,2,3
67,18,3524,Mated,3,5
67,36,3525,Mated,3,5
67,6,3526,Mated,2,3
67,40,3527,Mated,2,3
67,12,3528,Mated,2,3
67,31,3529,Nonmated,1,1
67,38,3530,Mated,2,3
67,41,3531,Nonmated,1,1
67,15,3532,Nonmated,2,3
67,14,3533,Mated,3,5
67,50,3534,Mated,2,3
67,55,3535,Nonmated,1,1
67,27,3536,Nonmated,2,3
67,46,3537,Mated,2,3
67,23,3538,Nonmated,2,3
67,8,3539,Mated,3,5
67,3,3540,Nonmated,2,3
67,28,3541,Mated,2,3
67,33,3542,Nonmated,2,3
67,10,3543,Mated,2,3
67,34,3544,Mated,3,5
67,21,3545,Nonmated,2,2
65,37,3546,Nonmated,2,2
67,4,3547,Mated,3,5
67,11,3548,Nonmated,1,1
67,19,3549,Nonmated,2,3
67,51,3550,Nonmated,1,1
67,7,3551,Nonmated,2,3
67,58,3552,Mated,3,5
67,54,3553,Mated,2,3
67,32,3554,Mated,2,4
65,59,3555,Nonmated,2,3
67,37,3556,Nonmated,2,2
67,22,3557,Mated,2,3
65,32,3558,Mated,3,5
66,1,3559,Nonmated,2,3
66,43,3560,Nonmated,1,1
66,57,3561,Nonmated,1,1
66,41,3562,Nonmated,2,3
66,50,3563,Mated,2,3
66,46,3564,Mated,2,3
66,4,3565,Mated,3,5
66,49,3566,Nonmated,2,3
70,43,3567,Nonmated,1,1
70,4,3568,Mated,3,5
70,41,3569,Nonmated,2,3
70,2,3570,Mated,2,3
70,3,3571,Nonmated,2,2
70,20,3572,Mated,3,5
70,47,3573,Nonmated,2,3
70,8,3574,Mated,3,5
70,16,3575,Mated,3,5
70,50,3576,Mated,2,3
70,22,3577,Mated,2,3
70,48,3578,Mated,3,5
70,60,3579,Mated,3,5
70,53,3580,Nonmated,2,2
70,21,3581,Nonmated,2,3
70,27,3582,Nonmated,2,3
70,40,3583,Mated,3,5
70,29,3584,Nonmated,1,1
66,17,3585,Nonmated,1,1
66,40,3586,Mated,2,2
66,13,3587,Nonmated,2,3
70,28,3588,Mated,3,5
66,55,3589,Nonmated,1,1
66,38,3590,Mated,2,3
66,60,3591,Mated,2,4
66,15,3592,Nonmated,2,3
66,25,3593,Nonmated,2,2
66,48,3594,Mated,2,3
70,32,3595,Mated,3,5
66,9,3596,Nonmated,1,1
70,42,3597,Mated,3,5
70,7,3598,Nonmated,2,3
70,51,3599,Nonmated,1,1
66,42,3600,Mated,3,5
66,29,3601,Nonmated,1,1
70,59,3602,Nonmated,2,2
66,11,3603,Nonmated,2,3
70,24,3604,Mated,2,4
66,33,3605,Nonmated,2,3
66,53,3606,Nonmated,2,3
66,21,3607,Nonmated,2,3
70,23,3608,Nonmated,2,3
70,57,3609,Nonmated,1,1
70,45,3610,Nonmated,2,3
70,19,3611,Nonmated,2,3
70,35,3612,Nonmated,1,1
70,55,3613,Nonmated,1,1
70,1,3614,Nonmated,2,2
70,17,3615,Nonmated,2,3
70,25,3616,Nonmated,1,1
70,11,3617,Nonmated,1,1
70,36,3618,Mated,3,5
70,9,3619,Nonmated,1,1
70,38,3620,Mated,2,3
70,34,3621,Mated,2,3
70,18,3622,Mated,3,5
70,46,3623,Mated,2,3
70,5,3624,Nonmated,2,3
70,54,3625,Mated,3,5
70,10,3626,Mated,2,3
70,37,3627,Nonmated,2,2
71,12,3628,Mated,1,1
71,46,3629,Mated,2,3
71,51,3630,Nonmated,1,1
71,33,3631,Nonmated,2,3
71,13,3632,Nonmated,1,1
71,34,3633,Mated,2,3
71,42,3634,Mated,3,5
71,38,3635,Mated,2,3
71,20,3636,Mated,3,5
71,40,3637,Mated,2,4
71,35,3638,Nonmated,1,1
71,16,3639,Mated,3,5
71,9,3640,Nonmated,1,1
71,26,3641,Mated,3,5
71,57,3642,Nonmated,1,1
71,32,3643,Mated,2,3
71,30,3644,Mated,3,5
71,58,3645,Mated,3,5
71,5,3646,Nonmated,2,3
71,11,3647,Nonmated,1,1
71,24,3648,Mated,2,3
71,55,3649,Nonmated,1,1
71,15,3650,Nonmated,2,3
71,14,3651,Mated,2,3
71,23,3652,Nonmated,2,3
71,27,3653,Nonmated,2,3
71,39,3654,Nonmated,2,3
71,2,3655,Mated,2,3
71,4,3656,Mated,3,5
71,17,3657,Nonmated,1,1
71,45,3658,Nonmated,2,3
71,28,3659,Mated,2,3
71,7,3660,Nonmated,2,3
71,21,3661,Nonmated,1,1
71,18,3662,Mated,3,5
71,53,3663,Nonmated,1,1
71,52,3664,Mated,3,5
71,59,3665,Nonmated,1,1
71,48,3666,Mated,2,3
71,25,3667,Nonmated,2,3
71,41,3668,Nonmated,1,1
71,29,3669,Nonmated,1,1
71,31,3670,Nonmated,2,3
71,10,3671,Mated,1,1
71,36,3672,Mated,3,5
71,22,3673,Mated,2,3
71,56,3674,Mated,2,3
71,1,3675,Nonmated,2,3
71,60,3676,Mated,2,3
71,54,3677,Mated,3,5
71,8,3678,Mated,3,5
71,44,3679,Mated,2,3
71,50,3680,Mated,2,3
71,49,3681,Nonmated,2,3
71,47,3682,Nonmated,2,3
71,6,3683,Mated,2,3
71,19,3684,Nonmated,2,3
71,43,3685,Nonmated,1,1
71,3,3686,Nonmated,2,3
71,37,3687,Nonmated,1,1
66,39,3688,Nonmated,2,3
66,14,3689,Mated,3,5
66,52,3690,Mated,3,5
66,56,3691,Mated,2,3
66,5,3692,Nonmated,2,3
66,16,3693,Mated,3,5
66,2,3694,Mated,2,3
66,12,3695,Mated,2,2
66,54,3696,Mated,3,5
65,38,3697,Mated,2,3
65,2,3698,Mated,2,3
65,58,3699,Mated,3,5
65,55,3700,Nonmated,1,1
65,30,3701,Mated,3,5
65,56,3702,Mated,2,3
65,56,3703,Mated,2,3
65,56,3704,Mated,2,3
65,12,3705,Mated,2,3
65,44,3706,Mated,2,3
65,50,3707,Mated,2,3
65,47,3708,Nonmated,2,3
65,45,3709,Nonmated,2,3
69,37,3710,Nonmated,2,2
69,53,3711,Nonmated,1,1
69,18,3712,Mated,3,5
69,22,3713,Mated,2,3
69,24,3714,Mated,2,3
69,8,3715,Mated,3,5
66,26,3716,Mated,2,3
66,19,3717,Nonmated,2,3
66,34,3718,Mated,2,4
66,35,3719,Nonmated,1,1
66,6,3720,Mated,2,3
66,31,3721,Nonmated,1,1
65,23,3722,Nonmated,2,3
65,10,3723,Mated,2,3
65,46,3724,Mated,2,3
65,14,3725,Mated,3,5
65,42,3726,Mated,3,5
65,19,3727,Nonmated,2,3
65,29,3728,Nonmated,1,1
65,52,3729,Mated,3,5
65,17,3730,Nonmated,2,3
65,51,3731,Nonmated,1,1
65,21,3732,Nonmated,2,3
65,39,3733,Nonmated,2,3
65,15,3734,Nonmated,2,3
63,2,3735,Mated,2,3
63,9,3736,Nonmated,2,3
63,40,3737,Mated,2,4
63,11,3738,Nonmated,1,1
63,34,3739,Mated,2,4
63,30,3740,Mated,3,5
63,59,3741,Nonmated,2,2
63,43,3742,Nonmated,1,1
63,52,3743,Mated,1,1
63,19,3744,Nonmated,2,3
63,10,3745,Mated,2,3
63,16,3746,Mated,2,3
63,29,3747,Nonmated,1,1
63,12,3748,Mated,2,3
63,33,3749,Nonmated,2,3
63,50,3750,Mated,2,3
63,13,3751,Nonmated,2,3
63,44,3752,Mated,2,3
63,56,3753,Mated,2,3
63,21,3754,Nonmated,2,3
63,49,3755,Nonmated,2,2
63,53,3756,Nonmated,2,3
63,46,3757,Mated,2,3
63,57,3758,Nonmated,1,1
63,36,3759,Mated,3,5
63,4,3760,Mated,3,5
63,54,3761,Mated,2,3
63,48,3762,Mated,2,3
63,3,3763,Nonmated,2,3
63,22,3764,Mated,2,3
63,58,3765,Mated,3,5
63,42,3766,Mated,3,5
63,31,3767,Nonmated,2,3
63,27,3768,Nonmated,2,3
63,20,3769,Mated,3,5
63,5,3770,Nonmated,2,3
63,39,3771,Nonmated,2,3
63,26,3772,Mated,2,4
63,35,3773,Nonmated,1,1
63,47,3774,Nonmated,2,3
63,17,3775,Nonmated,2,3
63,18,3776,Mated,3,5
63,55,3777,Nonmated,1,1
63,28,3778,Mated,2,3
63,1,3779,Nonmated,2,3
63,32,3780,Mated,2,3
63,25,3781,Nonmated,2,3
63,6,3782,Mated,2,3
63,37,3783,Nonmated,2,3
65,5,3784,Nonmated,1,1
65,35,3785,Nonmated,1,1
65,28,3786,Mated,2,3
65,49,3787,Nonmated,2,3
65,33,3788,Nonmated,2,3
65,43,3789,Nonmated,1,1
65,27,3790,Nonmated,2,3
65,26,3791,Mated,2,3
60,39,3792,Nonmated,2,3
65,1,3793,Nonmated,2,3
65,48,3794,Mated,3,5
65,34,3795,Mated,2,3
65,25,3796,Nonmated,2,3
65,3,3797,Nonmated,1,1
65,4,3798,Mated,3,5
65,54,3799,Mated,3,5
65,20,3800,Mated,3,5
65,57,3801,Nonmated,1,1
65,22,3802,Mated,2,3
65,7,3803,Nonmated,2,3
65,6,3804,Mated,2,3
65,9,3805,Nonmated,2,3
65,40,3806,Mated,3,5
65,13,3807,Nonmated,1,1
65,31,3808,Nonmated,2,3
65,24,3809,Mated,2,3
65,16,3810,Mated,3,5
72,45,3811,Nonmated,1,1
72,49,3812,Nonmated,1,1
72,21,3813,Nonmated,2,3
72,44,3814,Mated,2,3
72,12,3815,Mated,2,3
72,46,3816,Mated,3,5
72,6,3817,Mated,2,4
72,22,3818,Mated,2,3
72,24,3819,Mated,2,3
72,7,3820,Nonmated,2,3
74,51,3821,Nonmated,1,1
74,9,3822,Nonmated,2,3
72,47,3823,Nonmated,2,2
74,53,3824,Nonmated,2,3
72,16,3825,Mated,3,5
72,17,3826,Nonmated,2,3
72,55,3827,Nonmated,1,1
72,25,3828,Nonmated,1,1
74,10,3829,Mated,2,3
74,2,3830,Mated,2,3
65,60,3831,Mated,3,5
65,8,3832,Mated,3,5
65,36,3833,Mated,3,5
65,11,3834,Nonmated,1,1
65,18,3835,Mated,3,5
65,53,3836,Nonmated,1,1
73,25,3837,Nonmated,2,2
73,26,3838,Mated,2,3
73,8,3839,Mated,3,5
73,23,3840,Nonmated,1,1
73,13,3841,Nonmated,2,2
60,22,3842,Mated,2,3
60,6,3843,Mated,2,3
60,49,3844,Nonmated,1,1
60,60,3845,Mated,2,4
60,4,3846,Mated,3,5
60,16,3847,Mated,3,5
60,48,3848,Mated,2,3
60,52,3849,Mated,3,5
60,1,3850,Nonmated,1,1
60,56,3851,Mated,2,3
60,23,3852,Nonmated,2,3
60,44,3853,Mated,1,1
60,12,3854,Mated,2,3
60,18,3855,Mated,3,5
60,26,3856,Mated,2,3
60,42,3857,Mated,3,5
60,33,3858,Nonmated,2,3
60,11,3859,Nonmated,1,1
60,29,3860,Nonmated,1,1
60,50,3861,Mated,2,3
60,36,3862,Mated,3,5
60,30,3863,Mated,3,5
60,51,3864,Nonmated,1,1
60,9,3865,Nonmated,1,1
60,3,3866,Nonmated,2,3
60,28,3867,Mated,3,5
60,13,3868,Nonmated,2,3
60,45,3869,Nonmated,2,3
60,20,3870,Mated,3,5
60,7,3871,Nonmated,2,3
60,59,3872,Nonmated,1,1
60,37,3873,Nonmated,2,2
60,35,3874,Nonmated,1,1
60,27,3875,Nonmated,2,3
60,31,3876,Nonmated,1,1
60,2,3877,Mated,2,3
60,25,3878,Nonmated,1,1
60,41,3879,Nonmated,2,3
60,38,3880,Mated,2,3
60,17,3881,Nonmated,1,1
60,8,3882,Mated,3,5
60,53,3883,Nonmated,2,3
60,19,3884,Nonmated,2,2
60,58,3885,Mated,3,5
60,21,3886,Nonmated,2,3
60,40,3887,Mated,2,3
60,57,3888,Nonmated,1,1
60,32,3889,Mated,2,3
60,14,3890,Mated,3,5
60,5,3891,Nonmated,2,2
60,15,3892,Nonmated,2,3
60,55,3893,Nonmated,1,1
60,47,3894,Nonmated,1,1
60,54,3895,Mated,3,5
60,34,3896,Mated,2,3
60,43,3897,Nonmated,2,3
60,46,3898,Mated,2,4
60,24,3899,Mated,2,4
60,10,3900,Mated,2,3
72,50,3901,Mated,2,3
72,34,3902,Mated,3,5
69,21,3903,Nonmated,2,3
69,56,3904,Mated,2,3
69,32,3905,Mated,2,3
69,2,3906,Mated,2,3
69,52,3907,Mated,3,5
69,55,3908,Nonmated,1,1
69,20,3909,Mated,3,5
69,15,3910,Nonmated,2,3
69,59,3911,Nonmated,2,3
69,17,3912,Nonmated,2,3
69,29,3913,Nonmated,1,1
69,10,3914,Mated,2,3
69,1,3915,Nonmated,2,3
69,27,3916,Nonmated,2,3
73,17,3917,Nonmated,1,1
73,1,3918,Nonmated,1,1
73,57,3919,Nonmated,1,1
44,45,3920,Nonmated,1,1
69,11,3921,Nonmated,1,1
73,28,3922,Mated,3,5
69,49,3923,Nonmated,2,3
44,58,3924,Mated,2,4
44,24,3925,Mated,2,3
69,19,3926,Nonmated,2,3
44,2,3927,Mated,2,3
44,54,3928,Mated,3,5
69,23,3929,Nonmated,2,3
44,13,3930,Nonmated,2,3
69,35,3931,Nonmated,1,1
44,18,3932,Mated,3,5
73,10,3933,Mated,2,3
69,16,3934,Mated,3,5
44,48,3935,Mated,2,3
69,39,3936,Nonmated,2,3
73,32,3937,Mated,3,5
69,3,3938,Nonmated,2,3
73,33,3939,Nonmated,2,3
69,42,3940,Mated,2,4
69,48,3941,Mated,2,3
69,4,3942,Mated,3,5
69,54,3943,Mated,3,5
69,33,3944,Nonmated,2,3
73,47,3945,Nonmated,2,3
69,25,3946,Nonmated,2,3
69,36,3947,Mated,2,4
69,60,3948,Mated,2,4
69,50,3949,Mated,2,3
69,51,3950,Nonmated,1,1
69,57,3951,Nonmated,1,1
69,58,3952,Mated,3,5
69,45,3953,Nonmated,2,3
69,6,3954,Mated,2,3
69,40,3955,Mated,2,3
69,41,3956,Nonmated,2,3
69,5,3957,Nonmated,2,2
73,24,3958,Mated,3,5
73,40,3959,Mated,2,4
73,53,3960,Nonmated,2,3
73,37,3961,Nonmated,1,1
73,55,3962,Nonmated,1,1
73,54,3963,Mated,3,5
73,41,3964,Nonmated,2,2
73,19,3965,Nonmated,2,3
73,5,3966,Nonmated,1,1
73,7,3967,Nonmated,2,3
73,12,3968,Mated,2,3
69,26,3969,Mated,3,5
69,7,3970,Nonmated,2,3
69,28,3971,Mated,3,5
69,47,3972,Nonmated,2,3
69,13,3973,Nonmated,2,3
69,38,3974,Mated,2,3
69,14,3975,Mated,3,5
69,9,3976,Nonmated,2,2
69,46,3977,Mated,3,5
69,30,3978,Mated,2,4
69,34,3979,Mated,3,5
73,46,3980,Mated,3,5
69,12,3981,Mated,2,3
69,44,3982,Mated,2,3
73,3,3983,Nonmated,1,1
69,31,3984,Nonmated,2,3
69,43,3985,Nonmated,1,1
73,4,3986,Mated,3,5
73,18,3987,Mated,3,5
73,56,3988,Mated,2,4
73,6,3989,Mated,2,4
73,21,3990,Nonmated,1,1
73,2,3991,Mated,2,3
73,51,3992,Nonmated,1,1
73,31,3993,Nonmated,1,1
73,20,3994,Mated,3,5
73,39,3995,Nonmated,2,3
73,34,3996,Mated,3,5
73,52,3997,Mated,3,5
73,27,3998,Nonmated,2,3
73,9,3999,Nonmated,2,3
72,41,4000,Nonmated,1,1
72,30,4001,Mated,3,5
72,37,4002,Nonmated,2,2
72,54,4003,Mated,3,5
72,51,4004,Nonmated,1,1
72,48,4005,Mated,3,5
72,40,4006,Mated,3,5
72,29,4007,Nonmated,1,1
72,53,4008,Nonmated,2,3
72,35,4009,Nonmated,1,1
72,31,4010,Nonmated,2,3
72,43,4011,Nonmated,1,1
72,26,4012,Mated,2,3
72,8,4013,Mated,3,5
72,13,4014,Nonmated,2,3
72,3,4015,Nonmated,1,1
61,26,4016,Mated,2,3
61,18,4017,Mated,3,5
61,22,4018,Mated,1,1
61,1,4019,Nonmated,3,5
61,24,4020,Mated,2,3
61,38,4021,Mated,2,3
61,8,4022,Mated,1,1
61,15,4023,Nonmated,1,1
61,29,4024,Nonmated,1,1
61,56,4025,Mated,1,1
61,57,4026,Nonmated,1,1
61,60,4027,Mated,3,5
61,53,4028,Nonmated,2,3
61,42,4029,Mated,3,5
61,59,4030,Nonmated,3,5
61,50,4031,Mated,2,3
61,7,4032,Nonmated,2,3
61,4,4033,Mated,3,5
61,6,4034,Mated,3,5
61,55,4035,Nonmated,1,1
61,20,4036,Mated,3,5
61,2,4037,Mated,2,3
61,58,4038,Mated,2,3
61,43,4039,Nonmated,1,1
61,45,4040,Nonmated,2,3
61,36,4041,Mated,3,5
61,47,4042,Nonmated,2,3
61,34,4043,Mated,2,3
61,44,4044,Mated,3,5
61,31,4045,Nonmated,1,1
61,48,4046,Mated,2,4
61,10,4047,Mated,2,3
61,54,4048,Mated,1,1
61,39,4049,Nonmated,1,1
61,32,4050,Mated,1,1
61,37,4051,Nonmated,1,1
61,30,4052,Mated,2,4
61,49,4053,Nonmated,1,1
61,40,4054,Mated,2,3
61,9,4055,Nonmated,1,1
61,52,4056,Mated,1,1
61,41,4057,Nonmated,2,2
61,13,4058,Nonmated,1,1
61,35,4059,Nonmated,1,1
61,11,4060,Nonmated,1,1
61,3,4061,Nonmated,1,1
61,33,4062,Nonmated,2,3
61,16,4063,Mated,2,3
61,46,4064,Mated,2,3
61,21,4065,Nonmated,1,1
61,51,4066,Nonmated,1,1
61,17,4067,Nonmated,1,1
61,14,4068,Mated,2,3
61,19,4069,Nonmated,1,1
61,23,4070,Nonmated,1,1
61,5,4071,Nonmated,1,1
61,25,4072,Nonmated,2,3
61,12,4073,Mated,2,3
61,28,4074,Mated,3,5
61,27,4075,Nonmated,2,3
73,11,4076,Nonmated,1,1
73,43,4077,Nonmated,1,1
73,30,4078,Mated,3,5
73,15,4079,Nonmated,2,3
73,35,4080,Nonmated,1,1
73,60,4081,Mated,3,5
73,38,4082,Mated,2,3
73,49,4083,Nonmated,2,2
73,44,4084,Mated,3,5
73,16,4085,Mated,3,5
73,59,4086,Nonmated,2,3
73,36,4087,Mated,3,5
73,22,4088,Mated,2,3
73,58,4089,Mated,3,5
73,29,4090,Nonmated,1,1
73,42,4091,Mated,3,5
73,50,4092,Mated,2,4
73,14,4093,Mated,3,5
73,48,4094,Mated,2,3
73,45,4095,Nonmated,2,3
74,36,4096,Mated,3,5
74,43,4097,Nonmated,1,1
74,28,4098,Mated,3,5
74,38,4099,Mated,2,3
74,52,4100,Mated,3,5
74,46,4101,Mated,2,4
74,44,4102,Mated,2,3
74,22,4103,Mated,2,3
74,33,4104,Nonmated,2,4
74,23,4105,Nonmated,2,3
74,13,4106,Nonmated,2,3
74,30,4107,Mated,3,5
74,11,4108,Nonmated,1,1
74,34,4109,Mated,3,5
74,29,4110,Nonmated,1,1
74,56,4111,Mated,2,3
74,57,4112,Nonmated,1,1
74,32,4113,Mated,3,5
74,59,4114,Nonmated,1,1
74,7,4115,Nonmated,2,3
74,41,4116,Nonmated,2,2
74,55,4117,Nonmated,1,1
74,49,4118,Nonmated,2,3
74,21,4119,Nonmated,2,3
74,18,4120,Mated,3,5
74,48,4121,Mated,2,4
74,15,4122,Nonmated,2,3
74,27,4123,Nonmated,2,3
74,50,4124,Mated,2,4
74,54,4125,Mated,3,5
74,4,4126,Mated,3,5
74,20,4127,Mated,3,5
74,47,4128,Nonmated,2,2
74,26,4129,Mated,2,3
74,5,4130,Nonmated,1,1
72,15,4131,Nonmated,2,3
72,56,4132,Mated,2,3
72,52,4133,Mated,2,4
72,23,4134,Nonmated,1,1
72,38,4135,Mated,2,3
72,27,4136,Nonmated,2,3
72,4,4137,Mated,3,5
72,28,4138,Mated,3,5
72,58,4139,Mated,3,5
31,48,4140,Mated,2,3
31,17,4141,Nonmated,2,3
31,29,4142,Nonmated,1,1
31,42,4143,Mated,3,5
31,46,4144,Mated,2,4
31,18,4145,Mated,3,5
31,21,4146,Nonmated,2,3
31,16,4147,Mated,2,4
74,35,4148,Nonmated,1,1
74,16,4149,Mated,3,5
74,1,4150,Nonmated,1,1
72,39,4151,Nonmated,2,3
72,42,4152,Mated,3,5
72,19,4153,Nonmated,2,3
74,6,4154,Mated,2,3
74,3,4155,Nonmated,1,1
72,14,4156,Mated,3,5
74,39,4157,Nonmated,2,3
74,37,4158,Nonmated,1,1
72,1,4159,Nonmated,2,3
74,8,4160,Mated,3,5
72,10,4161,Mated,2,3
72,20,4162,Mated,3,5
72,18,4163,Mated,3,5
72,2,4164,Mated,2,3
74,12,4165,Mated,2,4
72,59,4166,Nonmated,2,3
74,60,4167,Mated,2,4
74,14,4168,Mated,3,5
74,42,4169,Mated,3,5
74,17,4170,Nonmated,1,1
74,19,4171,Nonmated,2,3
74,45,4172,Nonmated,2,2
74,25,4173,Nonmated,2,3
74,58,4174,Mated,3,5
74,40,4175,Mated,2,4
74,31,4176,Nonmated,2,3
74,24,4177,Mated,2,4
72,5,4178,Nonmated,1,1
72,36,4179,Mated,3,5
72,60,4180,Mated,2,3
72,9,4181,Nonmated,2,3
72,11,4182,Nonmated,1,1
72,33,4183,Nonmated,2,3
72,57,4184,Nonmated,1,1
72,32,4185,Mated,3,5
2,17,4186,Nonmated,2,3
2,48,4187,Mated,2,3
2,38,4188,Mated,2,3
2,18,4189,Mated,2,4
2,47,4190,Nonmated,1,1
